id,company,sourceUrl,checkedAt,httpStatus,sourceSha256,priceKind,currencies,publishedPrice,scopeNotes,publishedTiming
1,TOTONIS,https://totonis.com/en,2026-09-12T19:34:41.926824+00:00,200,fe342207dd0d1579f249b1d6ebe44635c9628813741c3ce2b1894a28a6ce5fd2,multi,USD; UAH,Landing від 1 000 USD; корпоративний від 2 000 USD; магазин від 3 000 USD.,"На цій же сторінці є окрема гривнева таблиця: landing 18 000, корпоративний 40 000, магазин 45 000 грн. Відповідність пакетів не пояснено.",Від 20 робочих днів; залежить від формату.
2,iFish,https://ifish.com.ua/ua/poslugi/sajt-kiyiv/,2026-09-12T19:34:41.927273+00:00,200,3d5519377e131ee583ec6925443f37bd8663de7937922ea27fd01c251e8a1559,multi,USD; UAH,Landing за шаблоном 15 000 грн; індивідуальний понад 30 000 грн; базовий магазин 50 000 грн.,Окремі USD-картки й пакети за розміром бізнесу мають інший склад; не прирівнюємо їх до гривневої оцінки.,Не нормалізовано в цій вибірці.
3,Webatom,https://webatom.com.ua/stvorennya-sajtiv-u-kiyevi/,2026-09-12T19:34:41.927382+00:00,200,decdcc627236ba7fa15df94a2c96901fa04c644fab8069c2ea7594604870ffed,from,UAH,Візитка від 9 000 грн; landing від 15 750; компанія від 18 000; магазин від 22 500.,"Портал, дизайн і просування оцінюються окремо; FAQ також використовує умовні одиниці.",Не нормалізовано в цій вибірці.
4,Friendly,https://friendly.com.ua/ua/,2026-09-12T19:34:41.927431+00:00,200,09659b1039274cb4c7ca57fe35dbad24f9303b277ea9e700717a4a1286fce73d,from,UAH,Візитка від 15 000 грн; бізнес-сайт від 30 000; корпоративний від 55 000; магазин від 70 000.,"Початкові бюджети різних форматів, не однаковий обсяг.",Не нормалізовано в цій вибірці.
5,KWEB,https://www.kweb.kiev.ua/,2026-09-12T19:34:41.927522+00:00,200,f7927f10d15e9698a165be4b1eb5501c78bd8e64dd8925e6adb90596971c35a5,units,UNSPECIFIED,Візитка від 300 у.о.; корпоративний від 500; магазин від 700; landing від 200.,Умовні одиниці не перераховано у USD чи UAH без явного визначення валюти.,Не нормалізовано в цій вибірці.
6,Веб Студіо,https://www.webstudio.lviv.ua/,2026-09-12T19:34:42.345201+00:00,200,c521ddb1b76e51723c73aa3b76846955b5e08c6027c4cc36545a73c49fe96f10,from,USD,Візитка від 390 USD; бізнес-сайт від 590; магазин від 790.,Пакет візитки передбачає до 15 сторінок; порівнювати з односторінковим тарифом некоректно.,Візитка 10–20 днів; бізнес 20–30; магазин 20–40.
7,Фабрика Сайтів,https://fabryka.cc/,2026-09-12T19:34:42.373022+00:00,200,f966e37cc596d464185f51432b10044cf79111b5c63fc9c2edb417aaa599c25c,multi,UAH,Простий сайт від 5 700 грн; візитка від 10 800; landing від 10 000; магазин у таблиці від 20 000.,FAQ окремо називає магазин від 16 000 грн. Потрібне уточнення складу двох пропозицій.,Не нормалізовано в цій вибірці.
8,QMarket,https://qmarket.com.ua/,2026-09-12T19:34:42.675501+00:00,200,7318cb807d1b81b5a5c8990cac03705930e77e22fcd06cf0a5a78d9a53cf08cd,from,UAH,Landing від 4 900 грн; сайт компанії від 9 900.,Відкриті стартові пропозиції; остаточний склад слід погоджувати.,Не нормалізовано в цій вибірці.
9,SUFIX,https://websufix.com/,2026-09-12T19:34:42.821995+00:00,200,5019a9265343c8ed43a32d89db19470d60ffc183e9d75fccf733c8f4464a7b9a,not-found,,Ціну розробки на перевіреній сторінці не зафіксовано.,Це не твердження про відсутність прайсу на всьому сайті.,Не нормалізовано в цій вибірці.
10,PBB design,https://pbb.design/,2026-09-12T19:34:42.870373+00:00,200,b6cef58e3687af001a74bf1001ba4aa64579fab546b879e527526282cdbea0e3,general,UAH,Розробка сайту від 10 000 грн.,Загальний старт без єдиного визначеного формату.,Не нормалізовано в цій вибірці.
11,SEO Lviv,https://seolviv.com.ua/poslugy/stvorennya-sajtiv,2026-09-12T19:34:42.908766+00:00,200,9914009892a8d2bd2588529f60a1717ca0478282274338d0643630d8c6fe4058,title-only,USD,Заголовок сторінки містить ціну від 400 USD.,Склад пакета за цією ціною у перевіреному тексті не визначено; окремо від деталізованих тарифів.,Не нормалізовано в цій вибірці.
12,Sena,https://sena.od.ua/uk.html,2026-09-12T19:34:43.060180+00:00,200,cf803b47a050fb37b54841d43ff80d9553a67edd31367722ed92fd6599045f0c,units,UNSPECIFIED,Економ від 100 у.о.; стандарт від 300; індивідуальний від 500.,Економ — шаблон із 3–5 пунктами меню; валюта умовної одиниці не визначена.,Для економ-пакета заявлено 24–48 годин.
13,WebManna,https://webmanna.pro/,2026-09-12T19:34:43.147641+00:00,200,12369b16b1b3bfab1f177c025200487f46463d970e392ebe590fd333a507d2c3,general,UAH,Розробка сайту від 5 000 грн.,Щомісячну ціну SEO не включено до вартості створення.,Не нормалізовано в цій вибірці.
14,Cursor,https://cursor.net.ua/ua/,2026-09-12T19:34:43.221755+00:00,200,9030b3fd9ec3b636e03e0850fc8779f84b096c79511c554dc63d9675672edf54,from,UAH,Landing від 45 000 грн; корпоративний від 90 000; магазин від 300 000.,Landing — 5 екранів; корпоративний — 6–8 сторінок; магазин — 12–18 сторінок. Погодинна ставка має окремі часові умови.,Не нормалізовано в цій вибірці.
15,OD-web,https://od-web.com/uk/odessa/,2026-09-12T19:34:43.255735+00:00,200,1afb8bac552d1fd99d2c7dfc8882e1166bd5cb8c5d73cf83d168cb7588a87a36,from,USD,Landing від 300 USD; корпоративний від 400; магазин від 600.,Домен і сервер наведено як окремі регулярні витрати.,Мінімальні рекламні строки 1–4 дні не порівнюємо з повним індивідуальним проєктом.
16,Megasite,https://megasite.ua/ua/dnepr,2026-09-12T19:34:43.531203+00:00,200,38bd850ff07eed591023b883dbdd8000739c440a0f71edc1a0465884ba961dd6,general,UAH,Індивідуальна розробка від 75 000 грн.,Загальна відповідь FAQ; функціональний склад визначається проєктом.,Не нормалізовано в цій вибірці.
17,INPREZA,https://inpreza.ua/rozrobka-saitiv-dnipro/,2026-09-12T19:34:43.871830+00:00,200,a9181a30e83b9c80b7a9e91596352089d6f3f89e1591c5d6ec624fb4c926dbed,general,USD,Розробка від 1 000 USD; поруч приблизний еквівалент 45 000 грн.,"Еквівалент наведений джерелом, не наш валютний розрахунок. Промо на хостинг виключено.",Не нормалізовано в цій вибірці.
18,myDesign,https://mydesign.com.ua/ua/websites/dnipro,2026-09-12T19:34:43.945939+00:00,200,06d22639ae42c050c80a99cbb68d8124fdb6e30b2c10859bf0ed46e0436ce450,not-found,,Ціну розробки на перевіреній сторінці не зафіксовано.,Для порівняння потрібен індивідуальний кошторис.,Не нормалізовано в цій вибірці.
19,ATTICO,https://attico.dp.ua/ua,2026-09-12T19:34:44.014636+00:00,200,6c277a987da96f181df47609db141d4f3a0dad8de087628c49e218ecdabbc9da,from,UAH,Landing від 15 000 грн; візитка від 18 000; корпоративний від 35 000; магазин від 50 000.,Загальний нижчий поріг у FAQ не прирівнюємо до цих пакетів.,Не нормалізовано в цій вибірці.
20,PDM,https://profitable-digital-marketing.com/price/,2026-09-12T19:34:44.061958+00:00,200,0fdce91358d8e59f21b9d763b7660e4b11cfeb7655c96871ff6563d3102ccaab,tiered,UAH,Шаблонний landing 5 000 грн; адаптований 8 000; індивідуальний 23 000.,Три рівні кастомізації. Для магазину окремо 12 000 / 25 000 / 80 000 грн; не змішуємо рівні в одному середньому.,Не нормалізовано в цій вибірці.
21,SCS,https://webstudioscs.com/ua/stvorennya-saytiv/,2026-09-12T19:34:44.125750+00:00,200,cc6192515253864532dc6c3e459c66275567d64f39e04382199bc4dd0bde4eee,from,UAH,Landing від 4 600 грн; візитка від 11 800; корпоративний від 15 500; магазин від 22 500.,Каталог виділено окремо: від 19 800 грн. Хостинг не є ціною розробки.,Landing 5–10 днів; візитка від 2 тижнів; корпоративний 3–5; магазин від 6 тижнів.
22,Market Bridge,https://market-bridge.com.ua/ua/,2026-09-12T19:34:44.135746+00:00,200,fc66790c260c7d14ec897410d544998dd984a2c2b30578df2986d1feb5c37bb2,multi,USD; UAH,Заголовок: від 800 USD; інший блок: від 500; пакети 1 000 / 1 300 / 1 700 USD.,FAQ також містить 12 000 грн. Не обираємо найнижче число як універсальну пропозицію.,Не нормалізовано в цій вибірці.
23,Укртехсофт,https://ukrtechsoft.com/rozrobka-saitiv-kharkiv,2026-09-12T19:34:44.305744+00:00,200,f63fbc2f28ae232eb96c6a41b71b4a4be3a4c3daf6ca1022d077106f13837d74,not-found,,Ціну розробки на перевіреній сторінці не зафіксовано.,Потрібне окреме уточнення складу та бюджету.,Не нормалізовано в цій вибірці.
24,Q-WEB,https://q-web.com.ua/ua/,2026-09-12T19:34:44.611657+00:00,200,7aaf0b9907c416c9d1e063d85aa73f651e9405747917c502a3c1d0d1ecaaa07a,not-found,,Ціну розробки на перевіреній сторінці не зафіксовано.,Перелік послуг не є публічним кошторисом.,Не нормалізовано в цій вибірці.
25,AXIS,https://axis.com.ua/uk,2026-09-12T19:34:44.854309+00:00,200,1f25519520d7b82b52e8b151da5856f0080e5baa94c0cb073654feaac3d02568,not-found,,Ціну розробки на перевіреній сторінці не зафіксовано.,Не підмінюємо відсутнє значення нулем.,Не нормалізовано в цій вибірці.
26,ART LEMON,https://art-lemon.com/ua/,2026-09-12T19:34:45.204871+00:00,200,f6e26598bf3230d72211581e24d100ef9538582884c3d98746d179e4cfd52d66,not-found,,Ціну розробки на перевіреній сторінці не зафіксовано.,Оцінка після обговорення обсягу; цифри не припускаємо.,Не нормалізовано в цій вибірці.
27,WEBMASTER,https://web-master.ck.ua/index-ua.html,2026-09-12T19:34:45.307425+00:00,200,b7e95b315baeed16ef496ab1362cbc0efe9799448e3505e13e08c4d8c325ee48,from,USD,Загальний старт від 699 USD; магазин від 999.,Підтримка й SEO мають окремі тарифи; не включені до цих сум.,Не нормалізовано в цій вибірці.
28,Astudio,https://web-astudio.com/ck/,2026-09-12T19:34:45.419379+00:00,200,52a34f724de941118308ec9593bd4e5bf24a7daa6399a96df23ebdba43c2c112,title-only,UAH,Заголовок містить ціну від 39 000 грн.,На перевіреній сторінці немає достатнього опису пакета саме за цим числом.,Не нормалізовано в цій вибірці.
29,Rubik,https://rubik.com.ua/cherkasy/,2026-09-12T19:34:45.452863+00:00,200,fd3eeb5c3dd42f03d539d33fc790195e73654726867603cfe6a17b1ad8737fa5,not-found,,Ціну розробки на перевіреній сторінці не зафіксовано.,На сайті є окремі сторінки форматів; цей зріз охоплює вибрану міську сторінку.,Не нормалізовано в цій вибірці.
30,theDC.studio,https://thedc.studio/rozrobka-saitiv-cherkasy/,2026-09-12T19:34:45.528090+00:00,200,06ab1ae460b28dee57f6da37579f30c3af83db21ad5a3c78cfafe9f1f82e1e70,multi,USD,"Картки: landing від 500 USD, корпоративний від 1 500, магазин від 2 500.","FAQ називає інші нижні межі: landing 300, корпоративний/магазин 1 000 USD; склад потребує уточнення.",Не нормалізовано в цій вибірці.
31,Tera Group,https://teragroup.com.ua/,2026-09-12T19:34:45.831383+00:00,200,d03eeebe1c955d92642b6433db50b1dd6fc92adae1622c6cea604f488a7b8dfc,listed,USD,Бізнес-сайт 1 090 USD; корпоративний 1 815; каталог 1 705; landing 800.,Опубліковані суми карток. Магазин через форму розрахунку не оцінювали; заявку не надсилали.,Не нормалізовано в цій вибірці.
32,WEZOM,https://wezom.com.ua/ua/razrabotka_sajtov,2026-09-12T19:34:45.933622+00:00,200,5dfd2a8f39e039ba1f8bb80ccc4a5e97615beb4e5d1a47cf5d05879f06ed4a22,general,USD,Загальна розробка від 8 000 USD.,"Стартовий поріг FAQ, не ціна будь-якого магазину чи застосунку.",Не нормалізовано в цій вибірці.
33,Dime Studio,https://dime-studio.com/,2026-09-12T19:34:46.067618+00:00,200,b3f0372ecfdc98261da731ee05b0eacfb824b104f5081f977709029c80434ba0,general,EUR,Створення сайту від 350 EUR.,Загальна пропозиція; не прирівнюємо її до повного ecommerce.,Не нормалізовано в цій вибірці.
34,Site-M,https://site-m.kiev.ua/,2026-09-12T19:34:46.162405+00:00,200,dd7e744985411d0c7a7ce309b610c38e49bbd0a961f0ce488129e84d33c1e591,listed,UAH,Landing 12 000 грн; візитка 18 000; корпоративний 25 000; магазин від 25 000.,Суми карток; слово «від» явно вказано для магазину.,Не нормалізовано в цій вибірці.
35,Barbarys,https://barbarys.com.ua/blog/stvorennya-sajtiv-kyyiv/,2026-09-12T19:34:46.162555+00:00,200,ed6f9c6643618d6e359ae29fc828facd33626ebb14b324347f264ef5efaf127b,from,UAH,Landing від 15 000 грн; візитка від 25 000; корпоративний від 50 000; магазин від 40 000.,Різні функціональні формати з окремим кошторисом.,Не нормалізовано в цій вибірці.
36,Championweb,https://championweb.com.ua/uk,2026-09-12T19:34:46.509036+00:00,200,b719528fc162005eed55be6bfc01b2178ac33d03f1f5512de2d7a9c09cbdbcb0,from,USD,Landing від 150 USD; бізнес-сайт від 350; каталог від 390.,Каталог описано без онлайн-оплати; це не еквівалент магазину.,Landing 7–10 днів; бізнес 9–24; каталог 7–30.
37,WEBCASE,https://webcase.com.ua/uk/sozdanie-sajtov-kiev/,2026-09-12T19:34:46.509864+00:00,200,9eeea44e52db6ee3ef77f92581a29275986b65ecd3e4a25756c0d75748af8bdb,not-found,,Ціну розробки на перевіреній сторінці не зафіксовано.,Кейси та послуги не замінюють оцінку однакового брифу.,Не нормалізовано в цій вибірці.
38,Limenet,https://www.limenet.kiev.ua/ua/,2026-09-12T19:34:46.578694+00:00,200,9654aa31ce714cc881d8ba12a6b080c0242bae6625ab8587a403821d8e3a44f0,range,UAH,Landing і візитка 25 000–50 000 грн; магазин і корпоративний 50 000–150 000.,"Це опубліковані діапазони одного виконавця, не ринкові середні.",Не нормалізовано в цій вибірці.
39,WebPC,https://webpc.com.ua/,2026-09-12T19:34:46.724206+00:00,200,8a59eb38826ff931b2ec5d8d8421ea155c25150bec436604c4cf2807c9f293ab,from,UAH,Start від 40 000 грн; Business від 80 000; Pro від 150 000.,"Start — візитка/landing; Pro — магазин, каталог або портал з різною складністю.",Не нормалізовано в цій вибірці.
40,Impulse Design,https://impulse-design.com.ua/ua/,2026-09-12T19:34:46.733010+00:00,200,4ab486e7166a42adea26fdd9f13785eba31e41528265bbba97793348cfa1bab8,from,USD,Landing від 600 USD; компанія від 1 300; магазин від 1 500; custom від 3 000.,Просування має окремий тариф; не включене в ціну створення.,Не нормалізовано в цій вибірці.
41,Brainlab,https://brainlab.com.ua/uk/poslugi,2026-09-12T19:34:46.987429+00:00,200,a8fb7449644799936bcc5516ac6365ccdbb268a7ec8f849798a46a2b738fab24,from,USD,Візитка від 4 000 USD; landing від 5 000; бізнес від 7 000; магазин від 12 000.,"Окремі бюджети CRM/ERP, підтримки й редизайну не включено до цих форматів.",Не нормалізовано в цій вибірці.
42,WebArtix,https://webartix.com.ua/rozrobka-saitiv-lviv/,2026-09-12T19:34:47.093179+00:00,200,627402f38f03824efc616df7c4d6233b4f75f54d52ea4a873f9cc08f95c693df,listed,UAH; USD,Візитка на 3 сторінки 20 000 грн; корпоративний до 8 сторінок від 25 000; landing 18 000; магазин від 1 200 USD.,WordPress і плагіни зазначені у поясненні; супровід рахується окремо.,Не нормалізовано в цій вибірці.
43,WEB ETALON,https://webetalon.com.ua/,2026-09-12T19:34:47.175861+00:00,200,dcdd7da202aa9a0a28864e7fb20a58eb42c11bd5e95a87effb537bb0a032f84d,from,UAH,Візитка від 7 000 грн; корпоративний від 15 000; магазин від 35 000.,Заголовок від 5 000 грн не тотожний цим форматам; FAQ окремо називає базовий landing від 8 000.,Не нормалізовано в цій вибірці.
44,Webera,https://webera.com.ua/,2026-09-12T19:34:47.273061+00:00,200,8d17ad773a6e0dee7aacec26482128179726f39181b1082ef1875f9edd620fd9,not-found,,Ціну розробки на перевіреній сторінці не зафіксовано.,Рекламний промокод 1 500 грн виключено: це не вартість створення сайту.,Не нормалізовано в цій вибірці.
45,REDSTONE,https://redstone.agency/,2026-09-12T19:34:47.396841+00:00,200,32f6c7a567734dae6e9d1f513b797f34f67bca76c44044425e6dad17c26d91a9,not-found,,Ціну розробки на перевіреній сторінці не зафіксовано.,Вартість не виводимо з переліку відомих клієнтів чи кейсів.,Не нормалізовано в цій вибірці.
46,Krylov Company,https://www.krylovcompany.com.ua/service/rozrobka-saytiv/,2026-09-12T19:34:47.397345+00:00,200,775f7b41e886f14ab76a2cd5037d8df35ed8f825824f6dc02a3dd02f7fce5814,listed,UAH,Landing 16 000 грн; бізнес-сайт 24 000; магазин від 45 000.,Домен і хостинг мають окремий бюджет; у пакетах зазначено місяць підтримки.,Landing 16 днів; бізнес до 30; магазин до 2 місяців.
47,RomanStudio,https://romanstudio.net.ua/rozrobka-sajtiv-u-lvovi/,2026-09-12T19:34:47.583376+00:00,200,82729f63992e7fdcd1ca88fbf1a5b048dd1dd3bf88ffdbd1904b2912c4544e75,from,UAH,Візитка від 10 000 грн; landing від 8 000; корпоративний від 11 000; магазин від 16 000.,Стартові бюджети форматів; індивідуальний функціонал погоджується окремо.,Не нормалізовано в цій вибірці.
48,Webtune,https://webtune.com.ua/web-development/,2026-09-12T19:34:47.695702+00:00,200,d1fbdcf03a8f33e71e3fb59b138e1b42c83a992adbfbeb0c1fd4422f46fbe670,not-found,,Ціну розробки на перевіреній сторінці не зафіксовано.,Не поширюємо висновок на всі сторінки компанії.,Не нормалізовано в цій вибірці.
49,Legion Marketing,https://www.legion-marketing.com.ua/stvorenny-sajtiv/,2026-09-12T19:34:48.016524+00:00,200,d7aff435bdf44332ef3c8dd3073e968fc6a4b16eccc158c52c62781a388ad18c,tiered,USD,Weblium від 500 USD; шаблон WordPress від 700; унікальний дизайн WordPress від 1 500; магазин від 2 000.,Заголовок також називає 20 000 грн; платформи й індивідуальний дизайн мають різні межі робіт.,Не нормалізовано в цій вибірці.
50,SPRAVA,https://sprava.ua/sprava-in-odessa,2026-09-12T19:34:48.086311+00:00,200,c7b5757dcb11f4cfe17051e90c30eba91ad548b9ca090dbc7293caa9bf73f62a,not-found,,Ціну розробки на перевіреній сторінці не зафіксовано.,Вартість ліда в кейсі не є ціною сайту й виключена з дослідження.,Не нормалізовано в цій вибірці.
