asset_type,association_level,campaign_id,existing_asset_id,text,final_url,phone,proposal_status,source,verification
CALL,UNKNOWN_IN_CONNECTOR_VIEW,24122973025,402789148587,,,,EXISTING_NO_IMPORT,S6_CONNECTOR_EXPORT_2026-09-27,"Phone redacted for public export; policy approved in connector; live association, eligibility and call hours need separate readback"
SITELINK,UNKNOWN_IN_CONNECTOR_VIEW,24122973025,402623658398,Лендінги,https://maxsite.com.ua/stvorennya-lendingiv/,,EXISTING_NO_IMPORT,S6_CONNECTOR_EXPORT_2026-09-27,"Policy approved in connector; live association, eligibility, call hours and URL need separate readback"
SITELINK,UNKNOWN_IN_CONNECTOR_VIEW,24122973025,402623755859,Портфоліо MAX SITE,https://maxsite.com.ua/portfolio/,,EXISTING_NO_IMPORT,S6_CONNECTOR_EXPORT_2026-09-27,"Policy approved in connector; live association, eligibility, call hours and URL need separate readback"
SITELINK,UNKNOWN_IN_CONNECTOR_VIEW,24122973025,402623831735,Корпоративні сайти,https://maxsite.com.ua/korporatyvni-sajty/,,EXISTING_NO_IMPORT,S6_CONNECTOR_EXPORT_2026-09-27,"Policy approved in connector; live association, eligibility, call hours and URL need separate readback"
SITELINK,UNKNOWN_IN_CONNECTOR_VIEW,24122973025,402726056638,Інтернет-магазини,https://maxsite.com.ua/internet-magazyn-pid-klyuch/,,EXISTING_NO_IMPORT,S6_CONNECTOR_EXPORT_2026-09-27,"Policy approved in connector; live association, eligibility, call hours and URL need separate readback"
SITELINK,UNKNOWN_IN_CONNECTOR_VIEW,24122973025,402726056641,Ціни на створення сайтів,https://maxsite.com.ua/#pricing,,EXISTING_NO_IMPORT,S6_CONNECTOR_EXPORT_2026-09-27,"Policy approved in connector; live association, eligibility, call hours and URL need separate readback"
SITELINK,UNKNOWN_IN_CONNECTOR_VIEW,24122973025,402726113395,SEO-сайт під Google,https://maxsite.com.ua/seo-sajt-pid-google/,,EXISTING_NO_IMPORT,S6_CONNECTOR_EXPORT_2026-09-27,"Policy approved in connector; live association, eligibility, call hours and URL need separate readback"
CALLOUT,UNKNOWN_IN_CONNECTOR_VIEW,24122973025,421886899652,Аналіз конкурентів,,,EXISTING_NO_IMPORT,S6_CONNECTOR_EXPORT_2026-09-27,"Policy approved in connector; live association, eligibility, call hours and URL need separate readback"
CALLOUT,UNKNOWN_IN_CONNECTOR_VIEW,24122973025,421886899655,Оптимізація швидкості,,,EXISTING_NO_IMPORT,S6_CONNECTOR_EXPORT_2026-09-27,"Policy approved in connector; live association, eligibility, call hours and URL need separate readback"
CALLOUT,UNKNOWN_IN_CONNECTOR_VIEW,24122973025,422068130442,Тексти для вашого сайту,,,EXISTING_NO_IMPORT,S6_CONNECTOR_EXPORT_2026-09-27,"Policy approved in connector; live association, eligibility, call hours and URL need separate readback"
CALLOUT,UNKNOWN_IN_CONNECTOR_VIEW,24122973025,422068278924,Підтримка після запуску,,,EXISTING_NO_IMPORT,S6_CONNECTOR_EXPORT_2026-09-27,"Policy approved in connector; live association, eligibility, call hours and URL need separate readback"
