search_term,impressions,clicks,spend,conversions,date_from,date_to,source_retrieved_date,coverage_note
розробка сайтів,272,21,1527.3353,0,2026-08-30,2026-09-26,2026-09-27,SELECTED_EXAMPLES_NOT_COMPLETE_EXPORT
заказать сайт,63,17,1186.2,0,2026-08-30,2026-09-26,2026-09-27,SELECTED_EXAMPLES_NOT_COMPLETE_EXPORT
сайт под ключ,39,10,897.08,0,2026-08-30,2026-09-26,2026-09-27,SELECTED_EXAMPLES_NOT_COMPLETE_EXPORT
разработка сайтов,58,8,604.97,0,2026-08-30,2026-09-26,2026-09-27,SELECTED_EXAMPLES_NOT_COMPLETE_EXPORT
создание сайтов,38,4,328.82,0,2026-08-30,2026-09-26,2026-09-27,SELECTED_EXAMPLES_NOT_COMPLETE_EXPORT
створення лендінгу,23,4,319.93,0,2026-08-30,2026-09-26,2026-09-27,SELECTED_EXAMPLES_NOT_COMPLETE_EXPORT
створення лендінгу ціна,11,4,197.18,0,2026-08-30,2026-09-26,2026-09-27,SELECTED_EXAMPLES_NOT_COMPLETE_EXPORT
создание сайтов заказы,2,1,93.83,0,2026-08-30,2026-09-26,2026-09-27,SELECTED_EXAMPLES_NOT_COMPLETE_EXPORT
как создать сайт для продажи одежды,1,1,49.36,0,2026-08-30,2026-09-26,2026-09-27,SELECTED_EXAMPLES_NOT_COMPLETE_EXPORT
google ads,21,0,0.0,0,2026-08-30,2026-09-26,2026-09-27,SELECTED_EXAMPLES_NOT_COMPLETE_EXPORT
google ads mcp server,1,0,0.0,0,2026-08-30,2026-09-26,2026-09-27,SELECTED_EXAMPLES_NOT_COMPLETE_EXPORT
google planner keyword,1,0,0.0,0,2026-08-30,2026-09-26,2026-09-27,SELECTED_EXAMPLES_NOT_COMPLETE_EXPORT
сайт заказать москва,1,0,0.0,0,2026-08-30,2026-09-26,2026-09-27,SELECTED_EXAMPLES_NOT_COMPLETE_EXPORT
