date,spend_ua_hryvnia,clicks,impressions,conversions,all_conversions,source_retrieved_date
2026-08-30,560.67,8,64,0,0,2026-09-27
2026-08-31,594.71,7,33,0,0,2026-09-27
2026-09-01,660.04,5,126,0,0,2026-09-27
2026-09-02,742.64,8,60,0,0,2026-09-27
2026-09-03,605.94,6,56,0,0,2026-09-27
2026-09-04,458.0,5,63,0,0,2026-09-27
2026-09-05,1139.03,12,107,0,0,2026-09-27
2026-09-06,486.42,5,88,0,0,2026-09-27
2026-09-07,373.44,4,47,0,0,2026-09-27
2026-09-08,294.97,4,49,0,0,2026-09-27
2026-09-09,170.17,3,59,0,0,2026-09-27
2026-09-10,479.9843,7,61,0,0,2026-09-27
2026-09-11,238.51,5,36,0,0,2026-09-27
2026-09-12,151.62,3,50,0,0,2026-09-27
2026-09-13,387.98,7,72,0,0,2026-09-27
2026-09-14,497.68,6,73,0,0,2026-09-27
2026-09-15,331.7,4,113,0,0,2026-09-27
2026-09-16,382.41,5,76,0,0,2026-09-27
2026-09-17,283.86,5,53,0,0,2026-09-27
2026-09-18,355.93,6,81,0,0,2026-09-27
2026-09-19,415.04,7,69,0,0,2026-09-27
2026-09-20,343.0,7,43,0,0,2026-09-27
2026-09-21,337.55,7,60,0,0,2026-09-27
2026-09-22,344.76,7,94,0,0,2026-09-27
2026-09-23,314.57,6,76,0,0,2026-09-27
2026-09-24,313.3,7,67,0,0,2026-09-27
2026-09-26,273.54,4,51,0,0,2026-09-27
