campaign_id,ad_group_id,ad_group,keyword,match_type,intent,final_url,proposed_status,source,existing_criterion_id,decision,notes
24122973025,204759032331,Max web,замовити сайт,EXACT,website_order,https://maxsite.com.ua/stvorennya-saytiv/,EXISTING_NO_IMPORT,S1_2026-09-27_7.1,296996758483,KEEP_OR_REVIEW_EXISTING,"Connector keyword row: ENABLED, 2 clicks in 28d; reread status before edits"
24122973025,204759032331,Max web,створення сайту під ключ,EXACT,website_order,https://maxsite.com.ua/stvorennya-saytiv/,REVIEW_NO_IMPORT,S1_2026-09-27_7.1,,REVIEW_EXISTING_AND_COST,No exact group/text/match row in provided connector export; not proof absent from account
24122973025,204759032331,Max web,розробка сайту під ключ,EXACT,website_order,https://maxsite.com.ua/stvorennya-saytiv/,REVIEW_NO_IMPORT,S1_2026-09-27_7.1,,REVIEW_EXISTING_AND_COST,No exact group/text/match row in provided connector export; not proof absent from account
24122973025,204759032331,Max web,розробка сайтів,EXACT,website_order,https://maxsite.com.ua/stvorennya-saytiv/,EXISTING_NO_IMPORT,S1_2026-09-27_7.1,295989391854,KEEP_OR_REVIEW_EXISTING,"Connector keyword row: ENABLED, 21 clicks in 28d; reread status before edits"
24122973025,204759032331,Max web,створення сайтів,EXACT,website_order,https://maxsite.com.ua/stvorennya-saytiv/,REVIEW_NO_IMPORT,S1_2026-09-27_7.1,,REVIEW_EXISTING_AND_COST,No exact group/text/match row in provided connector export; not proof absent from account
24122973025,199901337723,MAX SITE — сайти для бізнесу,сайт для бізнесу,EXACT,business_website_order,https://maxsite.com.ua/stvorennya-saytu-dlya-biznesu/,EXISTING_PAUSED_NO_IMPORT,S1_2026-09-27_7.1,,REVIEW_EXISTING_PAUSED,"Current connector criterion exists; native UI 2026-09-27 shows all positive keywords in this group PAUSED, but criterion ID unavailable"
24122973025,204759032331,Max web,замовити сайт ціна,EXACT,website_order,https://maxsite.com.ua/stvorennya-saytiv/,REVIEW_NO_IMPORT,S1_2026-09-27_7.1,,REVIEW_EXISTING_AND_COST,No exact group/text/match row in provided connector export; not proof absent from account
24122973025,204759032331,Max web,заказать сайт,EXACT,website_order,https://maxsite.com.ua/stvorennya-saytiv/,EXISTING_NO_IMPORT,S1_2026-09-27_7.1,3985300474,KEEP_OR_REVIEW_EXISTING,"Connector keyword row: ENABLED, 48 clicks in 28d; reread status before edits"
24122973025,204759032331,Max web,создание сайта под ключ,EXACT,website_order,https://maxsite.com.ua/stvorennya-saytiv/,REVIEW_NO_IMPORT,S1_2026-09-27_7.1,,REVIEW_EXISTING_AND_COST,No exact group/text/match row in provided connector export; not proof absent from account
24122973025,204759032331,Max web,разработка сайтов,EXACT,website_order,https://maxsite.com.ua/stvorennya-saytiv/,REVIEW_NO_IMPORT,S1_2026-09-27_7.1,,REVIEW_EXISTING_AND_COST,No exact group/text/match row in provided connector export; not proof absent from account
24122973025,204759032331,Max web,сайт под ключ,EXACT,website_order,https://maxsite.com.ua/stvorennya-saytiv/,REVIEW_NO_IMPORT,S1_2026-09-27_7.1,,REVIEW_EXISTING_AND_COST,No exact group/text/match row in provided connector export; not proof absent from account
24122973025,199901337723,MAX SITE — сайти для бізнесу,заказать сайт для бизнеса,EXACT,business_website_order,https://maxsite.com.ua/stvorennya-saytu-dlya-biznesu/,REVIEW_NO_IMPORT,S1_2026-09-27_7.1,,REVIEW_EXISTING_AND_COST,No exact group/text/match row in provided connector export; not proof absent from account
24122973025,199901337563,MAX SITE — лендінги,створення лендінгу,EXACT,landing_page_order,https://maxsite.com.ua/stvorennya-landing-page/,LIVE_ENABLED_VERIFIED_NO_IMPORT,S14_NATIVE_2026-09-27;S4_MANIFEST_2026-09-24,,MIGRATED_TARGET_ENABLED_VERIFIED,"Native refresh: target group/text/match Enabled/Eligible; target RSA 824944536200/group/landing URL Eligible before legacy pause. S4 manifest has paired criterion ID, but native UI did not show it; no repeat import."
24122973025,199901337563,MAX SITE — лендінги,замовити лендінг,EXACT,landing_page_order,https://maxsite.com.ua/stvorennya-landing-page/,REVIEW_NO_IMPORT,S1_2026-09-27_7.1,,REVIEW_EXISTING_AND_COST,No exact group/text/match row in provided connector export; not proof absent from account
24122973025,199901337563,MAX SITE — лендінги,створення лендінгу ціна,EXACT,landing_page_order,https://maxsite.com.ua/stvorennya-landing-page/,REVIEW_NO_IMPORT,S1_2026-09-27_7.1,,REVIEW_EXISTING_AND_COST,No exact group/text/match row in provided connector export; not proof absent from account
24122973025,199901337563,MAX SITE — лендінги,замовити односторінковий сайт,EXACT,landing_page_order,https://maxsite.com.ua/stvorennya-landing-page/,REVIEW_NO_IMPORT,S1_2026-09-27_7.1,,REVIEW_EXISTING_AND_COST,No exact group/text/match row in provided connector export; not proof absent from account
24122973025,199901337563,MAX SITE — лендінги,заказать лендинг,EXACT,landing_page_order,https://maxsite.com.ua/stvorennya-landing-page/,REVIEW_NO_IMPORT,S1_2026-09-27_7.1,,REVIEW_EXISTING_AND_COST,No exact group/text/match row in provided connector export; not proof absent from account
24122973025,199901337563,MAX SITE — лендінги,лендинг под ключ,EXACT,landing_page_order,https://maxsite.com.ua/stvorennya-landing-page/,REVIEW_NO_IMPORT,S1_2026-09-27_7.1,,REVIEW_EXISTING_AND_COST,No exact group/text/match row in provided connector export; not proof absent from account
24122973025,204759032331,Max web,замовити сайт під ключ,PHRASE,website_order,https://maxsite.com.ua/stvorennya-saytiv/,REVIEW_NO_IMPORT,S1_2026-09-27_7.1,,REVIEW_EXISTING_AND_COST,No exact group/text/match row in provided connector export; not proof absent from account
24122973025,199901337723,MAX SITE — сайти для бізнесу,розробка сайту для бізнесу,PHRASE,business_website_order,https://maxsite.com.ua/stvorennya-saytu-dlya-biznesu/,REVIEW_NO_IMPORT,S1_2026-09-27_7.1,,REVIEW_EXISTING_AND_COST,No exact group/text/match row in provided connector export; not proof absent from account
24122973025,204759032331,Max web,замовити створення сайту,PHRASE,website_order,https://maxsite.com.ua/stvorennya-saytiv/,REVIEW_NO_IMPORT,S1_2026-09-27_7.1,,REVIEW_EXISTING_AND_COST,No exact group/text/match row in provided connector export; not proof absent from account
24122973025,199901337563,MAX SITE — лендінги,створення лендінгу,PHRASE,landing_page_order,https://maxsite.com.ua/stvorennya-landing-page/,LIVE_ENABLED_VERIFIED_NO_IMPORT,S14_NATIVE_2026-09-27;S4_MANIFEST_2026-09-24,,MIGRATED_TARGET_ENABLED_VERIFIED,"Native refresh: target group/text/match Enabled/Eligible; target RSA 824944536200/group/landing URL Eligible before legacy pause. S4 manifest has paired criterion ID, but native UI did not show it; no repeat import."
24122973025,204759032331,Max web,заказать сайт под ключ,PHRASE,website_order,https://maxsite.com.ua/stvorennya-saytiv/,REVIEW_NO_IMPORT,S1_2026-09-27_7.1,,REVIEW_EXISTING_AND_COST,No exact group/text/match row in provided connector export; not proof absent from account
24122973025,199901337563,MAX SITE — лендінги,заказать лендинг,PHRASE,landing_page_order,https://maxsite.com.ua/stvorennya-landing-page/,REVIEW_NO_IMPORT,S1_2026-09-27_7.1,,REVIEW_EXISTING_AND_COST,No exact group/text/match row in provided connector export; not proof absent from account
24122973025,204759032331,Max web,створення лендінгу,EXACT,landing_page_order,,LIVE_PAUSED_VERIFIED_NO_IMPORT,S14_NATIVE_2026-09-27;S4_MANIFEST_2026-09-24,,MIGRATED_LEGACY_PAUSED_VERIFIED,"Native refresh: legacy Max web group/text/match Paused after target pair/RSA eligibility verified. S4 manifest has paired criterion ID, but native UI did not show it; no repeat import."
24122973025,204759032331,Max web,створення лендінгу,PHRASE,landing_page_order,,LIVE_PAUSED_VERIFIED_NO_IMPORT,S14_NATIVE_2026-09-27;S4_MANIFEST_2026-09-24,,MIGRATED_LEGACY_PAUSED_VERIFIED,"Native refresh: legacy Max web group/text/match Paused after target pair/RSA eligibility verified. S4 manifest has paired criterion ID, but native UI did not show it; no repeat import."
