url,route_file,template_type,indexable,canonical,title,description,h1,word_count_main,schema_types,internal_inlinks,internal_outlinks,sitemap,status_code,redirect_target,notes
https://maxsite.com.ua/,index.html,home,true,https://maxsite.com.ua/,"MAX SITE — сайти, SEO та Google Ads для бізнесу","MAX SITE створює сайти, налаштовує SEO, аналітику та Google Ads для бізнесу в Україні. Один відповідальний за структуру, запуск і розвиток.","Сайти, SEO та Google Ads для росту бізнесу",1748,Answer|BreadcrumbList|Country|FAQPage|ListItem|Organization|ProfessionalService|Question|WebPage|WebSite,430,77,true,NOT_FETCHED,,
https://maxsite.com.ua/404.html,404.html,supporting-page,false,,Сторінку не знайдено | MAX SITE,"Сторінку не знайдено. Перейдіть на головну, послуги, блог або контакти MAX SITE.",Сторінку не знайдено,38,,0,11,false,NOT_FETCHED,,
https://maxsite.com.ua/blog/,blog/index.html,blog-index,true,https://maxsite.com.ua/blog/,Блог про створення сайтів для бізнесу | MAX SITE,"SEO-блог MAX SITE про створення сайтів, лендінги, корпоративні сайти, Google Ads, аналітику та просування бізнесу в Google.",Блог про створення сайтів,235,BreadcrumbList|ListItem|Organization|WebPage|WebSite,256,66,true,NOT_FETCHED,,
https://maxsite.com.ua/blog/canonical-url-prostymy-slovamy/,blog/canonical-url-prostymy-slovamy/index.html,article,true,https://maxsite.com.ua/blog/canonical-url-prostymy-slovamy/,Canonical URL простими словами | MAX SITE,"Коли потрібен self-canonical, чому дублікати шкодять і як перевірити канонічні сторінки.",Canonical URL простими словами,338,Article|BreadcrumbList|ListItem|Organization|WebPage|WebSite,1,31,true,NOT_FETCHED,,
https://maxsite.com.ua/blog/chomu-sajt-bez-seo-ne-daye-rezultatu/,blog/chomu-sajt-bez-seo-ne-daye-rezultatu/index.html,article,true,https://maxsite.com.ua/blog/chomu-sajt-bez-seo-ne-daye-rezultatu/,Чому сайт без SEO не дає результату | MAX SITE,Чому красивого дизайну недостатньо і як SEO-структура допомагає сайту працювати в Google.,Чому сайт без SEO не дає результату,463,Answer|Article|BreadcrumbList|FAQPage|ListItem|Organization|Question|WebPage|WebSite,2,49,true,NOT_FETCHED,,
https://maxsite.com.ua/blog/chomu-tsiny-na-sajty-vidriznyayutsya/,blog/chomu-tsiny-na-sajty-vidriznyayutsya/index.html,article,true,https://maxsite.com.ua/blog/chomu-tsiny-na-sajty-vidriznyayutsya/,Чому ціни на сайти відрізняються у 5–10 разів,"Розбір різниці у вартості сайтів: склад робіт, шаблон чи custom, контент, інтеграції, SEO, QA, ризики та повна вартість володіння.",Чому ціни на сайти відрізняються у 5–10 разів,456,Article|BreadcrumbList|ListItem|Organization|WebPage|WebSite,2,50,true,NOT_FETCHED,,
https://maxsite.com.ua/blog/ga4-konversiyi-dlya-sajtu/,blog/ga4-konversiyi-dlya-sajtu/index.html,article,true,https://maxsite.com.ua/blog/ga4-konversiyi-dlya-sajtu/,GA4-конверсії для сайту бізнесу | MAX SITE,"Які події налаштувати для форм, телефону, месенджерів, цін і портфоліо.",GA4-конверсії для сайту бізнесу,333,Article|BreadcrumbList|ListItem|Organization|WebPage|WebSite,1,31,true,NOT_FETCHED,,
https://maxsite.com.ua/blog/google-ads-dlya-biznesu/,blog/google-ads-dlya-biznesu/index.html,article,true,https://maxsite.com.ua/blog/google-ads-dlya-biznesu/,Google Ads для бізнесу: коли запускати рекламу | MAX SITE,"Коли бізнесу варто запускати Google Ads, що потрібно для старту та як контролювати заявки.",Google Ads для бізнесу: коли варто запускати рекламу,405,Answer|Article|BreadcrumbList|FAQPage|ListItem|Organization|Question|WebPage|WebSite,1,49,true,NOT_FETCHED,,
https://maxsite.com.ua/blog/google-analytics-search-console/,blog/google-analytics-search-console/index.html,article,true,https://maxsite.com.ua/blog/google-analytics-search-console/,Навіщо бізнесу Google Analytics і Search Console | MAX SITE,"Навіщо підключати Google Analytics і Search Console: контроль трафіку, заявок, індексації та помилок сайту.",Навіщо бізнесу Google Analytics і Search Console,409,Answer|Article|BreadcrumbList|FAQPage|ListItem|Organization|Question|WebPage|WebSite,1,49,true,NOT_FETCHED,,
https://maxsite.com.ua/blog/landing-dlya-google-ads/,blog/landing-dlya-google-ads/index.html,article,true,https://maxsite.com.ua/blog/landing-dlya-google-ads/,Лендінг для Google Ads: що впливає на заявки | MAX SITE,"Структура рекламної сторінки, відповідність запиту, швидкість, довіра та вимірювання.",Лендінг для Google Ads: що впливає на заявки,418,Answer|Article|BreadcrumbList|FAQPage|ListItem|Organization|Question|WebPage|WebSite,2,31,true,NOT_FETCHED,,
https://maxsite.com.ua/blog/lending-abo-korporatyvnyj-sajt/,blog/lending-abo-korporatyvnyj-sajt/index.html,article,true,https://maxsite.com.ua/blog/lending-abo-korporatyvnyj-sajt/,Landing Page чи корпоративний сайт: що обрати,"Порівнюємо Landing Page, бізнес-сайт і корпоративний сайт за задачами, рекламою, SEO, масштабуванням, контентом та повною вартістю.",Landing Page чи корпоративний сайт: що обрати,391,Article|BreadcrumbList|ListItem|Organization|WebPage|WebSite,7,51,true,NOT_FETCHED,,
https://maxsite.com.ua/blog/nextjs-chy-wordpress/,blog/nextjs-chy-wordpress/index.html,article,true,https://maxsite.com.ua/blog/nextjs-chy-wordpress/,Next.js чи WordPress: що обрати бізнесу | MAX SITE,"Порівняння Next.js і WordPress за керованістю, швидкістю, інтеграціями та бюджетом.",Next.js чи WordPress: що обрати бізнесу,336,Article|BreadcrumbList|ListItem|Organization|WebPage|WebSite,1,31,true,NOT_FETCHED,,
https://maxsite.com.ua/blog/pidtrymka-saytu-pislya-zapusku/,blog/pidtrymka-saytu-pislya-zapusku/index.html,article,true,https://maxsite.com.ua/blog/pidtrymka-saytu-pislya-zapusku/,Підтримка сайту після запуску: план робіт | MAX SITE,"Що перевіряти щотижня й щомісяця, щоб сайт залишався швидким, безпечним та вимірюваним.",Підтримка сайту після запуску: план робіт,340,Article|BreadcrumbList|ListItem|Organization|WebPage|WebSite,2,31,true,NOT_FETCHED,,
https://maxsite.com.ua/blog/redesign-saytu-bez-vtraty-seo/,blog/redesign-saytu-bez-vtraty-seo/index.html,article,true,https://maxsite.com.ua/blog/redesign-saytu-bez-vtraty-seo/,Редизайн сайту без втрати SEO | MAX SITE,"Як оновити дизайн і структуру, зберігши URL, контент, аналітику та пошукові сигнали.",Редизайн сайту без втрати SEO,345,Article|BreadcrumbList|ListItem|Organization|WebPage|WebSite,2,31,true,NOT_FETCHED,,
https://maxsite.com.ua/blog/sajt-dlya-kliningovoyi-kompaniyi/,blog/sajt-dlya-kliningovoyi-kompaniyi/index.html,article,true,https://maxsite.com.ua/blog/sajt-dlya-kliningovoyi-kompaniyi/,Сайт для клінінгової компанії: що має бути | MAX SITE,"Що має бути на сайті клінінгової компанії: послуги, ціни, фото, FAQ, заявки, SEO та Google Ads.",Сайт для клінінгової компанії: що має бути,418,Answer|Article|BreadcrumbList|FAQPage|ListItem|Organization|Question|WebPage|WebSite,2,51,true,NOT_FETCHED,,
https://maxsite.com.ua/blog/seo-first-pidhid/,blog/seo-first-pidhid/index.html,article,true,https://maxsite.com.ua/blog/seo-first-pidhid/,SEO-FIRST: чому структура створюється до дизайну | MAX SITE,"Практичний порядок проєктування сайту під Google, рекламу та заявки.",SEO-FIRST: чому структура створюється до дизайну,343,Article|BreadcrumbList|ListItem|Organization|WebPage|WebSite,2,31,true,NOT_FETCHED,,
https://maxsite.com.ua/blog/shcho-vhodyt-u-sajt-pid-klyuch/,blog/shcho-vhodyt-u-sajt-pid-klyuch/index.html,article,true,https://maxsite.com.ua/blog/shcho-vhodyt-u-sajt-pid-klyuch/,Що входить у сайт під ключ: етапи й межі робіт,"Повний склад сайту під ключ: дослідження, структура, контент, дизайн, розробка, SEO, аналітика, QA, запуск, доступи та підтримка.",Що входить у сайт під ключ: етапи й межі робіт,424,Article|BreadcrumbList|ListItem|Organization|WebPage|WebSite,7,50,true,NOT_FETCHED,,
https://maxsite.com.ua/blog/shcho-vhodyt-u-stvorennya-internet-magazynu-pid-klyuch/,blog/shcho-vhodyt-u-stvorennya-internet-magazynu-pid-klyuch/index.html,article,true,https://maxsite.com.ua/blog/shcho-vhodyt-u-stvorennya-internet-magazynu-pid-klyuch/,Що входить у створення інтернет-магазину під ключ | MAX SITE,"Повний склад розробки інтернет-магазину: аналітика, каталог, UX, дизайн, оплата, доставка, SEO, аналітика й тестування.",Що входить у створення інтернет-магазину під ключ,324,Article|BreadcrumbList|ListItem|Organization|WebPage|WebSite,3,19,true,NOT_FETCHED,,
https://maxsite.com.ua/blog/skilky-koshtuye-stvorennya-internet-magazynu/,blog/skilky-koshtuye-stvorennya-internet-magazynu/index.html,article,true,https://maxsite.com.ua/blog/skilky-koshtuye-stvorennya-internet-magazynu/,Скільки коштує створення інтернет-магазину у 2026 році | MAX SITE,"Розбираємо вартість інтернет-магазину у 2026 році: каталог, фільтри, імпорт, оплата, доставка, CRM, SEO та підтримка.",Скільки коштує створення інтернет-магазину,403,Answer|Article|BreadcrumbList|FAQPage|ListItem|Organization|Question|WebPage|WebSite,2,23,true,NOT_FETCHED,,
https://maxsite.com.ua/blog/skilky-koshtuye-stvorennya-sajtu/,blog/skilky-koshtuye-stvorennya-sajtu/index.html,article,true,https://maxsite.com.ua/blog/skilky-koshtuye-stvorennya-sajtu/,Скільки коштує створення сайту у 2026 році | MAX SITE,"Пояснюємо вартість створення сайту у 2026 році: склад робіт, типи проєктів, інтеграції, приховані витрати та правила точного кошторису.",Скільки коштує створення сайту у 2026 році,478,Article|BreadcrumbList|ListItem|Organization|WebPage|WebSite,8,50,true,NOT_FETCHED,,
https://maxsite.com.ua/blog/skilky-tryvaye-rozrobka-sajtu/,blog/skilky-tryvaye-rozrobka-sajtu/index.html,article,true,https://maxsite.com.ua/blog/skilky-tryvaye-rozrobka-sajtu/,Скільки триває розробка сайту: реалістичний план,"Від чого залежить строк розробки сайту: бриф, структура, контент, дизайн, код, інтеграції, QA, погодження та критичний шлях.",Скільки триває розробка сайту: реалістичний план,425,Article|BreadcrumbList|ListItem|Organization|WebPage|WebSite,2,50,true,NOT_FETCHED,,
https://maxsite.com.ua/blog/struktura-sajtu-dlya-seo/,blog/struktura-sajtu-dlya-seo/index.html,article,true,https://maxsite.com.ua/blog/struktura-sajtu-dlya-seo/,Структура сайту для SEO: як розподілити запити | MAX SITE,"Як створити карту URL, уникнути канібалізації та побудувати зрозумілу перелінковку.",Структура сайту для SEO: як розподілити запити,370,Article|BreadcrumbList|ListItem|Organization|WebPage|WebSite,1,31,true,NOT_FETCHED,,
https://maxsite.com.ua/blog/tehnichne-seo-cheklist/,blog/tehnichne-seo-cheklist/index.html,article,true,https://maxsite.com.ua/blog/tehnichne-seo-cheklist/,Технічне SEO: чекліст перед запуском | MAX SITE,"Canonical, sitemap, robots, schema, 404, швидкість і мобільна перевірка сайту.",Технічне SEO: чекліст перед запуском,353,Article|BreadcrumbList|ListItem|Organization|WebPage|WebSite,2,31,true,NOT_FETCHED,,
https://maxsite.com.ua/blog/vnutrishnya-perelinkovka/,blog/vnutrishnya-perelinkovka/index.html,article,true,https://maxsite.com.ua/blog/vnutrishnya-perelinkovka/,Внутрішня перелінковка для SEO | MAX SITE,"Як пов’язати послуги, ніші, міста, кейси та статті без спаму ключовими словами.",Внутрішня перелінковка для SEO,344,Article|BreadcrumbList|ListItem|Organization|WebPage|WebSite,1,31,true,NOT_FETCHED,,
https://maxsite.com.ua/blog/yak-pidgotuvaty-biznes-do-zapusku-sajtu/,blog/yak-pidgotuvaty-biznes-do-zapusku-sajtu/index.html,article,true,https://maxsite.com.ua/blog/yak-pidgotuvaty-biznes-do-zapusku-sajtu/,Як підготувати бізнес до запуску сайту | MAX SITE,"Що підготувати перед створенням сайту: послуги, тексти, фото, переваги, ціни, FAQ і цілі.",Як підготувати бізнес до запуску сайту,382,Answer|Article|BreadcrumbList|FAQPage|ListItem|Organization|Question|WebPage|WebSite,1,49,true,NOT_FETCHED,,
https://maxsite.com.ua/blog/yak-pidgotuvaty-bryf-na-sajt/,blog/yak-pidgotuvaty-bryf-na-sajt/index.html,article,true,https://maxsite.com.ua/blog/yak-pidgotuvaty-bryf-na-sajt/,Як підготувати бриф на створення сайту | MAX SITE,"Питання про цілі, аудиторію, послуги, докази, інтеграції та відповідальних.",Як підготувати бриф на створення сайту,435,Answer|Article|BreadcrumbList|FAQPage|ListItem|Organization|Question|WebPage|WebSite,2,34,true,NOT_FETCHED,,
https://maxsite.com.ua/blog/yak-sajt-dopomagaye-otrymuvaty-zayavky/,blog/yak-sajt-dopomagaye-otrymuvaty-zayavky/index.html,article,true,https://maxsite.com.ua/blog/yak-sajt-dopomagaye-otrymuvaty-zayavky/,Як сайт допомагає бізнесу отримувати заявки | MAX SITE,"Як правильний сайт перетворює трафік із Google, реклами та соцмереж у заявки для бізнесу.",Як сайт допомагає бізнесу отримувати заявки,401,Answer|Article|BreadcrumbList|FAQPage|ListItem|Organization|Question|WebPage|WebSite,1,49,true,NOT_FETCHED,,
https://maxsite.com.ua/blog/yak-vybraty-rozrobnyka-sajtu/,blog/yak-vybraty-rozrobnyka-sajtu/index.html,article,true,https://maxsite.com.ua/blog/yak-vybraty-rozrobnyka-sajtu/,Як вибрати розробника сайту для бізнесу | MAX SITE,"Критерії вибору розробника сайту: портфоліо, процес, SEO, аналітика, доступи, кошторис, підтримка й питання перед стартом.",Як вибрати розробника сайту,289,Article|BreadcrumbList|ListItem|Organization|WebPage|WebSite,1,22,true,NOT_FETCHED,,
https://maxsite.com.ua/blog/yak-vybraty-vebstudiyu-v-ukrayini/,blog/yak-vybraty-vebstudiyu-v-ukrayini/index.html,article,true,https://maxsite.com.ua/blog/yak-vybraty-vebstudiyu-v-ukrayini/,Як вибрати вебстудію в Україні: практичний чек-лист,"Як перевірити вебстудію до договору: кейси, процес, кошторис, доступи, SEO, аналітика, ризики та питання для фінальної співбесіди.",Як вибрати вебстудію в Україні: практичний чек-лист,459,Article|BreadcrumbList|ListItem|Organization|WebPage|WebSite,7,51,true,NOT_FETCHED,,
https://maxsite.com.ua/blog/yak-zamovyty-sajt-i-ne-vtratyty-groshi/,blog/yak-zamovyty-sajt-i-ne-vtratyty-groshi/index.html,article,true,https://maxsite.com.ua/blog/yak-zamovyty-sajt-i-ne-vtratyty-groshi/,Як замовити сайт і не втратити гроші: чекліст | MAX SITE,"Як безпечно замовити сайт: цілі, структура, кошторис, права доступу, етапи оплати, SEO, аналітика, приймання та підтримка.",Як замовити сайт і не втратити гроші,286,Article|BreadcrumbList|ListItem|Organization|WebPage|WebSite,1,19,true,NOT_FETCHED,,
https://maxsite.com.ua/blog/yakyj-sajt-potriben-lokalnomu-biznesu/,blog/yakyj-sajt-potriben-lokalnomu-biznesu/index.html,article,true,https://maxsite.com.ua/blog/yakyj-sajt-potriben-lokalnomu-biznesu/,Який сайт потрібен локальному бізнесу | MAX SITE,Який сайт допоможе локальному бізнесу отримувати заявки у своєму місті через Google і рекламу.,Який сайт потрібен локальному бізнесу,418,Answer|Article|BreadcrumbList|FAQPage|ListItem|Organization|Question|WebPage|WebSite,1,49,true,NOT_FETCHED,,
https://maxsite.com.ua/google-ads/,google-ads/index.html,supporting-page,true,https://maxsite.com.ua/google-ads/,Google Ads для бізнесу — налаштування та ведення | MAX SITE,"Налаштування й ведення Google Ads для бізнесу: пошукові кампанії, ключові слова, конверсії, оптимізація та звіти. Від 6 800 грн на місяць.",Google Ads для бізнесу,364,Answer|BreadcrumbList|FAQPage|ListItem|Offer|Organization|Question|Service|WebPage|WebSite,96,48,true,NOT_FETCHED,,
https://maxsite.com.ua/google-analytics-search-console/,google-analytics-search-console/index.html,supporting-page,true,https://maxsite.com.ua/google-analytics-search-console/,Google Analytics і Search Console для бізнесу | MAX SITE,"Підключення та супровід Google Analytics 4 і Search Console: події, джерела звернень, індексація, помилки та звіти. Від 2 900 грн разово.",Google Analytics і Search Console,362,Answer|BreadcrumbList|FAQPage|ListItem|Offer|Organization|Question|Service|WebPage|WebSite,15,48,true,NOT_FETCHED,,
https://maxsite.com.ua/internet-magazyn-pid-klyuch/,internet-magazyn-pid-klyuch/index.html,supporting-page,false,https://maxsite.com.ua/stvorennya-internet-mahazynu/,Інтернет-магазин під ключ | MAX SITE,"Розробляємо інтернет-магазини під ключ: каталог, категорії, картки товарів, замовлення, адаптивність, базове SEO та аналітика.",Інтернет-магазин під ключ,300,Answer|BreadcrumbList|FAQPage|ListItem|Organization|ProfessionalService|Question|Service,0,52,false,NOT_FETCHED,,
https://maxsite.com.ua/kontakty/,kontakty/index.html,supporting-page,true,https://maxsite.com.ua/kontakty/,Контакти MAX SITE | Створення сайтів для бізнесу,"Контакти MAX SITE: телефон, Telegram, WhatsApp, Viber і форма заявки для створення сайту під ключ, SEO-сайту або Google Ads.",Контакти MAX SITE,80,BreadcrumbList|ContactPage|ListItem|Organization|WebPage|WebSite,237,42,true,NOT_FETCHED,,
https://maxsite.com.ua/korporatyvni-sajty/,korporatyvni-sajty/index.html,supporting-page,false,https://maxsite.com.ua/stvorennya-korporatyvnoho-saytu/,Корпоративний сайт під ключ | MAX SITE,"Розробляємо корпоративні сайти для компаній: послуги, команда, кейси, довіра, SEO-структура та заявки з інтернету.",Корпоративний сайт під ключ,307,Answer|BreadcrumbList|FAQPage|ListItem|Organization|ProfessionalService|Question|Service,0,52,false,NOT_FETCHED,,
https://maxsite.com.ua/mista/,mista/index.html,city-index,true,https://maxsite.com.ua/mista/,Створення сайтів по містах України | MAX SITE,"Створення сайтів для бізнесу по містах України: Київ, Львів, Дніпро, Одеса, Харків, Черкаси та інші регіони з SEO-структурою.",Створення сайтів по містах України,199,BreadcrumbList|CollectionPage|ListItem|Organization|WebPage|WebSite,140,59,true,NOT_FETCHED,,
https://maxsite.com.ua/mista/stvorennya-sajtiv-cherkasy/,mista/stvorennya-sajtiv-cherkasy/index.html,city,true,https://maxsite.com.ua/mista/stvorennya-sajtiv-cherkasy/,Створення сайтів у Черкасах для бізнесу | MAX SITE,"Створення сайтів для бізнесу в Черкасах: лендінги, сайти послуг, локальна SEO-структура, форми, аналітика й підготовка до Google Ads.",Створення сайтів у Черкасах для бізнесу,537,AggregateOffer|Answer|BreadcrumbList|City|FAQPage|ListItem|Organization|Question|Service|WebPage|WebSite,9,58,true,NOT_FETCHED,,
https://maxsite.com.ua/mista/stvorennya-sajtiv-chernihiv/,mista/stvorennya-sajtiv-chernihiv/index.html,city,false,https://maxsite.com.ua/mista/stvorennya-sajtiv-chernihiv/,Створення сайтів у Чернігові для бізнесу | MAX SITE,"Створюємо сайти для бізнесу в Чернігові: лендінги, сайти послуг, магазини, SEO-структура, аналітика та підготовка до Google Ads.",Створення сайтів у Чернігові для бізнесу,700,AggregateOffer|Answer|BreadcrumbList|City|FAQPage|ListItem|Organization|Question|Service,1,62,false,NOT_FETCHED,,
https://maxsite.com.ua/mista/stvorennya-sajtiv-chernivtsi/,mista/stvorennya-sajtiv-chernivtsi/index.html,city,false,https://maxsite.com.ua/mista/stvorennya-sajtiv-chernivtsi/,Створення сайтів у Чернівцях під ключ | MAX SITE,"Розробка сайтів у Чернівцях для послуг, готельно-ресторанного бізнесу, магазинів і експертів: дизайн, SEO, форми та аналітика.",Створення сайтів у Чернівцях для бізнесу,704,AggregateOffer|Answer|BreadcrumbList|City|FAQPage|ListItem|Organization|Question|Service,2,62,false,NOT_FETCHED,,
https://maxsite.com.ua/mista/stvorennya-sajtiv-dnipro/,mista/stvorennya-sajtiv-dnipro/index.html,city,true,https://maxsite.com.ua/mista/stvorennya-sajtiv-dnipro/,Створення сайтів у Дніпрі для бізнесу | MAX SITE,"Створення сайтів у Дніпрі для виробництва, інженерії, логістики, авто й B2B. Каталоги, запити кошторису, SEO, аналітика й online-заявки.",Створення сайтів у Дніпрі для бізнесу,967,AggregateOffer|Answer|BreadcrumbList|City|Country|FAQPage|ListItem|Organization|Question|Service|WebPage|WebSite,14,64,true,NOT_FETCHED,,
https://maxsite.com.ua/mista/stvorennya-sajtiv-ivano-frankivsk/,mista/stvorennya-sajtiv-ivano-frankivsk/index.html,city,false,https://maxsite.com.ua/mista/stvorennya-sajtiv-ivano-frankivsk/,Створення сайтів в Івано-Франківську | MAX SITE,"Сайти під ключ в Івано-Франківську для будівництва, туризму, медицини й послуг: адаптивний дизайн, SEO, аналітика та заявки.",Створення сайтів у Івано-Франківську для бізнесу,704,AggregateOffer|Answer|BreadcrumbList|City|FAQPage|ListItem|Organization|Question|Service,4,62,false,NOT_FETCHED,,
https://maxsite.com.ua/mista/stvorennya-sajtiv-kharkiv/,mista/stvorennya-sajtiv-kharkiv/index.html,city,true,https://maxsite.com.ua/mista/stvorennya-sajtiv-kharkiv/,Створення сайтів у Харкові під ключ | MAX SITE,"Створення сайтів у Харкові для IT, освіти, виробництва, медицини й ecommerce. Експертний контент, online-процес, SEO, аналітика та заявки.",Створення сайтів у Харкові під ключ,935,AggregateOffer|Answer|BreadcrumbList|City|Country|FAQPage|ListItem|Organization|Question|Service|WebPage|WebSite,12,64,true,NOT_FETCHED,,
https://maxsite.com.ua/mista/stvorennya-sajtiv-kherson/,mista/stvorennya-sajtiv-kherson/index.html,city,false,https://maxsite.com.ua/mista/stvorennya-sajtiv-kherson/,Створення сайтів у Херсоні під ключ | MAX SITE,"Дистанційне створення сайтів для бізнесу в Херсоні: послуги, каталоги, B2B, SEO-підготовка, аналітика, форми та зручне оновлення.",Створення сайтів у Херсоні для бізнесу,704,AggregateOffer|Answer|BreadcrumbList|City|FAQPage|ListItem|Organization|Question|Service,2,62,false,NOT_FETCHED,,
https://maxsite.com.ua/mista/stvorennya-sajtiv-khmelnytskyi/,mista/stvorennya-sajtiv-khmelnytskyi/index.html,city,false,https://maxsite.com.ua/mista/stvorennya-sajtiv-khmelnytskyi/,Створення сайтів у Хмельницькому | MAX SITE,"Сайти для бізнесу в Хмельницькому: торгівля, виробництво, медицина й послуги. Дизайн, SEO-архітектура, аналітика та запуск під ключ.",Створення сайтів у Хмельницькому для бізнесу,695,AggregateOffer|Answer|BreadcrumbList|City|FAQPage|ListItem|Organization|Question|Service,3,62,false,NOT_FETCHED,,
https://maxsite.com.ua/mista/stvorennya-sajtiv-kropyvnytskyi/,mista/stvorennya-sajtiv-kropyvnytskyi/index.html,city,false,https://maxsite.com.ua/mista/stvorennya-sajtiv-kropyvnytskyi/,Створення сайтів у Кропивницькому | MAX SITE,"Створюємо сайти в Кропивницькому для послуг, агро-B2B, ремонту, освіти й торгівлі: SEO, мобільна версія, аналітика та заявки.",Створення сайтів у Кропивницькому для бізнесу,687,AggregateOffer|Answer|BreadcrumbList|City|FAQPage|ListItem|Organization|Question|Service,1,62,false,NOT_FETCHED,,
https://maxsite.com.ua/mista/stvorennya-sajtiv-kyiv/,mista/stvorennya-sajtiv-kyiv/index.html,city,true,https://maxsite.com.ua/mista/stvorennya-sajtiv-kyiv/,Створення сайтів у Києві під ключ | MAX SITE,"Створення сайтів у Києві під ключ для B2B, нерухомості, медицини, ecommerce і послуг. SEO-структура, аналітика, дистанційний процес і заявки.",Створення сайтів у Києві під ключ,1061,AggregateOffer|Answer|BreadcrumbList|City|Country|FAQPage|ListItem|Organization|Question|Service|WebPage|WebSite,16,63,true,NOT_FETCHED,,
https://maxsite.com.ua/mista/stvorennya-sajtiv-lutsk/,mista/stvorennya-sajtiv-lutsk/index.html,city,false,https://maxsite.com.ua/mista/stvorennya-sajtiv-lutsk/,Створення сайтів у Луцьку для бізнесу | MAX SITE,"Розробка сайтів у Луцьку для авто, будівництва, торгівлі та послуг: прототип, адаптивний дизайн, SEO, аналітика й підготовка реклами.",Створення сайтів у Луцьку для бізнесу,676,AggregateOffer|Answer|BreadcrumbList|City|FAQPage|ListItem|Organization|Question|Service,1,62,false,NOT_FETCHED,,
https://maxsite.com.ua/mista/stvorennya-sajtiv-lviv/,mista/stvorennya-sajtiv-lviv/index.html,city,true,https://maxsite.com.ua/mista/stvorennya-sajtiv-lviv/,Створення сайтів у Львові для бізнесу | MAX SITE,"Створення сайтів у Львові для готелів, освіти, медицини й локальних брендів. Мультимовні сценарії, мобільний UX, SEO, аналітика й заявки.",Створення сайтів у Львові для бізнесу,952,AggregateOffer|Answer|BreadcrumbList|City|Country|FAQPage|ListItem|Organization|Question|Service|WebPage|WebSite,16,64,true,NOT_FETCHED,,
https://maxsite.com.ua/mista/stvorennya-sajtiv-mykolaiv/,mista/stvorennya-sajtiv-mykolaiv/index.html,city,false,https://maxsite.com.ua/mista/stvorennya-sajtiv-mykolaiv/,Створення сайтів у Миколаєві | MAX SITE,"Розробляємо сайти для компаній у Миколаєві: інженерні, логістичні, освітні та локальні послуги. SEO, дизайн, аналітика й форми.",Створення сайтів у Миколаєві для бізнесу,685,AggregateOffer|Answer|BreadcrumbList|City|FAQPage|ListItem|Organization|Question|Service,1,62,false,NOT_FETCHED,,
https://maxsite.com.ua/mista/stvorennya-sajtiv-odesa/,mista/stvorennya-sajtiv-odesa/index.html,city,true,https://maxsite.com.ua/mista/stvorennya-sajtiv-odesa/,Створення сайтів в Одесі під ключ | MAX SITE,"Створення сайтів в Одесі для hospitality, логістики, нерухомості, медицини й послуг. Сезонні офери, мультимовність, SEO та заявки без дублів.",Створення сайтів в Одесі під ключ,958,AggregateOffer|Answer|BreadcrumbList|City|Country|FAQPage|ListItem|Organization|Question|Service|WebPage|WebSite,11,64,true,NOT_FETCHED,,
https://maxsite.com.ua/mista/stvorennya-sajtiv-poltava/,mista/stvorennya-sajtiv-poltava/index.html,city,false,https://maxsite.com.ua/mista/stvorennya-sajtiv-poltava/,Створення сайтів у Полтаві під ключ | MAX SITE,"Сайти для бізнесу в Полтаві: медицина, авто, будівництво, B2B і локальні послуги. Адаптивний дизайн, SEO, аналітика та запуск.",Створення сайтів у Полтаві для бізнесу,695,AggregateOffer|Answer|BreadcrumbList|City|FAQPage|ListItem|Organization|Question|Service,3,62,false,NOT_FETCHED,,
https://maxsite.com.ua/mista/stvorennya-sajtiv-rivne/,mista/stvorennya-sajtiv-rivne/index.html,city,false,https://maxsite.com.ua/mista/stvorennya-sajtiv-rivne/,Створення сайтів у Рівному для бізнесу | MAX SITE,"Розробка сайтів у Рівному для будівництва, меблів, торгівлі та послуг: сучасний дизайн, каталог, SEO-структура, аналітика й заявки.",Створення сайтів у Рівному для бізнесу,686,AggregateOffer|Answer|BreadcrumbList|City|FAQPage|ListItem|Organization|Question|Service,3,62,false,NOT_FETCHED,,
https://maxsite.com.ua/mista/stvorennya-sajtiv-sumy/,mista/stvorennya-sajtiv-sumy/index.html,city,false,https://maxsite.com.ua/mista/stvorennya-sajtiv-sumy/,Створення сайтів у Сумах для компаній | MAX SITE,"Створюємо сайти в Сумах для освіти, виробництва, медицини, ремонту й B2B: SEO-архітектура, адаптивність, аналітика та форми.",Створення сайтів у Сумах для бізнесу,681,AggregateOffer|Answer|BreadcrumbList|City|FAQPage|ListItem|Organization|Question|Service,1,62,false,NOT_FETCHED,,
https://maxsite.com.ua/mista/stvorennya-sajtiv-ternopil/,mista/stvorennya-sajtiv-ternopil/index.html,city,false,https://maxsite.com.ua/mista/stvorennya-sajtiv-ternopil/,Створення сайтів у Тернополі | MAX SITE,"Сайти під ключ у Тернополі для медицини, освіти, будівництва й послуг: прототип, адаптивний дизайн, SEO, аналітика та заявки.",Створення сайтів у Тернополі для бізнесу,673,AggregateOffer|Answer|BreadcrumbList|City|FAQPage|ListItem|Organization|Question|Service,5,62,false,NOT_FETCHED,,
https://maxsite.com.ua/mista/stvorennya-sajtiv-ukrayina/,mista/stvorennya-sajtiv-ukrayina/index.html,city,true,https://maxsite.com.ua/mista/stvorennya-sajtiv-ukrayina/,Створення сайтів для бізнесу по Україні | MAX SITE,"Створення сайтів для бізнесу по Україні: дистанційна розробка, сторінки послуг, національна й локальна SEO-архітектура, аналітика та реклама.",Створення сайтів для бізнесу по Україні,375,AggregateOffer|Answer|BreadcrumbList|Country|FAQPage|ListItem|Organization|Question|Service|WebPage|WebSite,3,52,true,NOT_FETCHED,,
https://maxsite.com.ua/mista/stvorennya-sajtiv-uzhhorod/,mista/stvorennya-sajtiv-uzhhorod/index.html,city,false,https://maxsite.com.ua/mista/stvorennya-sajtiv-uzhhorod/,Створення сайтів в Ужгороді для бізнесу | MAX SITE,"Розробляємо сайти в Ужгороді для туризму, послуг, нерухомості та брендів: мультимовність, SEO, адаптивний дизайн, аналітика й заявки.",Створення сайтів у Ужгороді для бізнесу,687,AggregateOffer|Answer|BreadcrumbList|City|FAQPage|ListItem|Organization|Question|Service,0,62,false,NOT_FETCHED,,
https://maxsite.com.ua/mista/stvorennya-sajtiv-vinnytsya/,mista/stvorennya-sajtiv-vinnytsya/index.html,city,false,https://maxsite.com.ua/mista/stvorennya-sajtiv-vinnytsya/,Створення сайтів у Вінниці для бізнесу | MAX SITE,"Створення сайтів у Вінниці для медицини, виробництва, торгівлі й послуг: UX, SEO-структура, швидкість, аналітика та підготовка реклами.",Створення сайтів у Вінниці для бізнесу,687,AggregateOffer|Answer|BreadcrumbList|City|FAQPage|ListItem|Organization|Question|Service,4,62,false,NOT_FETCHED,,
https://maxsite.com.ua/mista/stvorennya-sajtiv-zaporizhzhya/,mista/stvorennya-sajtiv-zaporizhzhya/index.html,city,false,https://maxsite.com.ua/mista/stvorennya-sajtiv-zaporizhzhya/,Створення сайтів у Запоріжжі | MAX SITE,"Сайти для компаній у Запоріжжі: виробництво, авто, логістика, освіта й послуги. SEO-структура, адаптивний дизайн, аналітика та заявки.",Створення сайтів у Запоріжжі для бізнесу,684,AggregateOffer|Answer|BreadcrumbList|City|FAQPage|ListItem|Organization|Question|Service,1,62,false,NOT_FETCHED,,
https://maxsite.com.ua/mista/stvorennya-sajtiv-zhytomyr/,mista/stvorennya-sajtiv-zhytomyr/index.html,city,false,https://maxsite.com.ua/mista/stvorennya-sajtiv-zhytomyr/,Створення сайтів у Житомирі для бізнесу | MAX SITE,"Розробляємо сайти в Житомирі для виробництва, будівництва, торгівлі та послуг: каталог, SEO, адаптивність, аналітика й форми заявок.",Створення сайтів у Житомирі для бізнесу,679,AggregateOffer|Answer|BreadcrumbList|City|FAQPage|ListItem|Organization|Question|Service,1,62,false,NOT_FETCHED,,
https://maxsite.com.ua/nishi/,nishi/index.html,niche-index,true,https://maxsite.com.ua/nishi/,Сайти для різних ніш бізнесу | MAX SITE,"Створюємо сайти для клінінгу, будівництва, beauty, авто, медицини, ремонтних послуг, магазинів, експертів і локального бізнесу.",Сайти для ніш бізнесу,261,Answer|BreadcrumbList|FAQPage|ListItem|Organization|ProfessionalService|Question|Service|WebPage|WebSite,186,62,true,NOT_FETCHED,,
https://maxsite.com.ua/nishi/sajt-dlya-avtoservisu/,nishi/sajt-dlya-avtoservisu/index.html,niche,true,https://maxsite.com.ua/nishi/sajt-dlya-avtoservisu/,Сайт для автосервісу під ключ | MAX SITE,"Розробляємо сайти для автосервісів: ремонт, діагностика, ціни, заявки, Google Ads і SEO під локальний пошук.",Сайт для автосервісу,261,Answer|BreadcrumbList|FAQPage|ListItem|Organization|ProfessionalService|Question|Service|WebPage|WebSite,130,50,true,NOT_FETCHED,,
https://maxsite.com.ua/nishi/sajt-dlya-b2b-kompaniyi/,nishi/sajt-dlya-b2b-kompaniyi/index.html,niche,true,https://maxsite.com.ua/nishi/sajt-dlya-b2b-kompaniyi/,B2B-сайт для компанії під ключ | MAX SITE,"Створюємо b2b-сайт для компанії: SEO-структура, адаптивний дизайн, заявки, аналітика та підготовка до Google Ads.",B2B-сайт для компанії,347,Answer|BreadcrumbList|FAQPage|ListItem|Organization|Question|Service|WebPage|WebSite,1,30,true,NOT_FETCHED,,
https://maxsite.com.ua/nishi/sajt-dlya-budivelnoyi-kompaniyi/,nishi/sajt-dlya-budivelnoyi-kompaniyi/index.html,niche,true,https://maxsite.com.ua/nishi/sajt-dlya-budivelnoyi-kompaniyi/,Сайт для будівельної компанії під ключ | MAX SITE,"Розробляємо сайти для будівельних компаній: напрями робіт, портфоліо об’єктів, кваліфікація заявок, SEO-структура та підготовка до реклами.",Сайт для будівельної компанії,353,AggregateOffer|Answer|BreadcrumbList|FAQPage|ListItem|Organization|Question|Service|WebPage|WebSite,131,48,true,NOT_FETCHED,,
https://maxsite.com.ua/nishi/sajt-dlya-dezinfekciyi/,nishi/sajt-dlya-dezinfekciyi/index.html,niche,true,https://maxsite.com.ua/nishi/sajt-dlya-dezinfekciyi/,Сайт для дезінфекції під ключ | MAX SITE,"Створюємо сайт для дезінфекції: SEO-структура, адаптивний дизайн, заявки, аналітика та підготовка до Google Ads.",Сайт для дезінфекції,351,Answer|BreadcrumbList|FAQPage|ListItem|Organization|Question|Service|WebPage|WebSite,3,30,true,NOT_FETCHED,,
https://maxsite.com.ua/nishi/sajt-dlya-eksperta/,nishi/sajt-dlya-eksperta/index.html,niche,true,https://maxsite.com.ua/nishi/sajt-dlya-eksperta/,Сайт для експерта під ключ | MAX SITE,"Створюємо сайти для експертів, консультантів і фахівців: послуги, кейси, довіра, заявки та SEO.",Сайт для експерта,255,Answer|BreadcrumbList|FAQPage|ListItem|Organization|ProfessionalService|Question|Service|WebPage|WebSite,2,50,true,NOT_FETCHED,,
https://maxsite.com.ua/nishi/sajt-dlya-horeca/,nishi/sajt-dlya-horeca/index.html,niche,true,https://maxsite.com.ua/nishi/sajt-dlya-horeca/,Сайт для HoReCa та готелів під ключ | MAX SITE,"Створюємо сайт для horeca та готелів: SEO-структура, адаптивний дизайн, заявки, аналітика та підготовка до Google Ads.",Сайт для HoReCa та готелів,362,Answer|BreadcrumbList|FAQPage|ListItem|Organization|Question|Service|WebPage|WebSite,1,30,true,NOT_FETCHED,,
https://maxsite.com.ua/nishi/sajt-dlya-kliningovoyi-kompaniyi/,nishi/sajt-dlya-kliningovoyi-kompaniyi/index.html,niche,true,https://maxsite.com.ua/nishi/sajt-dlya-kliningovoyi-kompaniyi/,Лендінг і сайт для клінінгової компанії | MAX SITE,"Лендінг або багатосторінковий сайт для клінінгової компанії від 10 500 грн: послуги, ціни, фото робіт, заявки, SEO та Google Ads. Дивіться реальний кейс.",Лендінг і сайт для клінінгової компанії,523,AggregateOffer|Answer|BreadcrumbList|FAQPage|ListItem|Organization|Question|Service|WebPage|WebSite,144,51,true,NOT_FETCHED,,
https://maxsite.com.ua/nishi/sajt-dlya-kursiv/,nishi/sajt-dlya-kursiv/index.html,niche,true,https://maxsite.com.ua/nishi/sajt-dlya-kursiv/,Сайт для онлайн-курсів під ключ | MAX SITE,"Сайти для онлайн-курсів: програма, спікери, тарифи, заявки, оплати, реклама та аналітика.",Сайт для онлайн-курсів,263,Answer|BreadcrumbList|FAQPage|ListItem|Organization|ProfessionalService|Question|Service|WebPage|WebSite,1,50,true,NOT_FETCHED,,
https://maxsite.com.ua/nishi/sajt-dlya-landshaftnoyi-kompaniyi/,nishi/sajt-dlya-landshaftnoyi-kompaniyi/index.html,niche,true,https://maxsite.com.ua/nishi/sajt-dlya-landshaftnoyi-kompaniyi/,Сайт для ландшафтної компанії під ключ | MAX SITE,"Створюємо сайт для ландшафтної компанії: SEO-структура, адаптивний дизайн, заявки, аналітика та підготовка до Google Ads.",Сайт для ландшафтної компанії,352,Answer|BreadcrumbList|FAQPage|ListItem|Organization|Question|Service|WebPage|WebSite,1,30,true,NOT_FETCHED,,
https://maxsite.com.ua/nishi/sajt-dlya-logistychnoyi-kompaniyi/,nishi/sajt-dlya-logistychnoyi-kompaniyi/index.html,niche,true,https://maxsite.com.ua/nishi/sajt-dlya-logistychnoyi-kompaniyi/,Сайт для логістичної компанії під ключ | MAX SITE,"Створюємо сайт для логістичної компанії: SEO-структура, адаптивний дизайн, заявки, аналітика та підготовка до Google Ads.",Сайт для логістичної компанії,354,Answer|BreadcrumbList|FAQPage|ListItem|Organization|Question|Service|WebPage|WebSite,1,30,true,NOT_FETCHED,,
https://maxsite.com.ua/nishi/sajt-dlya-lokalnogo-biznesu/,nishi/sajt-dlya-lokalnogo-biznesu/index.html,niche,true,https://maxsite.com.ua/nishi/sajt-dlya-lokalnogo-biznesu/,Сайт для локального бізнесу під ключ | MAX SITE,"Створюємо сайти для локального бізнесу: сторінки послуг, географія роботи, дзвінки, месенджери, заявки, локальна SEO-структура й аналітика.",Сайт для локального бізнесу,354,AggregateOffer|Answer|BreadcrumbList|Country|FAQPage|ListItem|Organization|Question|Service|WebPage|WebSite,103,48,true,NOT_FETCHED,,
https://maxsite.com.ua/nishi/sajt-dlya-magazynu/,nishi/sajt-dlya-magazynu/index.html,niche,true,https://maxsite.com.ua/nishi/sajt-dlya-magazynu/,Сайт для магазину під ключ | MAX SITE,"Створюємо сайти для магазинів і продажу товарів онлайн: каталог, категорії, заявки, SEO та аналітика.",Сайт для магазину,259,Answer|BreadcrumbList|FAQPage|ListItem|Organization|ProfessionalService|Question|Service|WebPage|WebSite,1,50,true,NOT_FETCHED,,
https://maxsite.com.ua/nishi/sajt-dlya-meblevoyi-kompaniyi/,nishi/sajt-dlya-meblevoyi-kompaniyi/index.html,niche,true,https://maxsite.com.ua/nishi/sajt-dlya-meblevoyi-kompaniyi/,Сайт для меблевої компанії під ключ | MAX SITE,"Створюємо сайт для меблевої компанії: SEO-структура, адаптивний дизайн, заявки, аналітика та підготовка до Google Ads.",Сайт для меблевої компанії,351,Answer|BreadcrumbList|FAQPage|ListItem|Organization|Question|Service|WebPage|WebSite,1,30,true,NOT_FETCHED,,
https://maxsite.com.ua/nishi/sajt-dlya-medychnyh-poslug/,nishi/sajt-dlya-medychnyh-poslug/index.html,niche,true,https://maxsite.com.ua/nishi/sajt-dlya-medychnyh-poslug/,Сайт для медичних послуг під ключ | MAX SITE,"Створюємо сайти для медичних центрів, лікарів і клінік: послуги, онлайн-запис, довіра, FAQ та SEO.",Сайт для медичних послуг,261,Answer|BreadcrumbList|FAQPage|ListItem|Organization|ProfessionalService|Question|Service|WebPage|WebSite,50,50,true,NOT_FETCHED,,
https://maxsite.com.ua/nishi/sajt-dlya-neruhomosti/,nishi/sajt-dlya-neruhomosti/index.html,niche,true,https://maxsite.com.ua/nishi/sajt-dlya-neruhomosti/,Сайт для нерухомості під ключ | MAX SITE,"Створюємо сайт для нерухомості: SEO-структура, адаптивний дизайн, заявки, аналітика та підготовка до Google Ads.",Сайт для нерухомості,356,Answer|BreadcrumbList|FAQPage|ListItem|Organization|Question|Service|WebPage|WebSite,1,30,true,NOT_FETCHED,,
https://maxsite.com.ua/nishi/sajt-dlya-remontnyh-poslug/,nishi/sajt-dlya-remontnyh-poslug/index.html,niche,true,https://maxsite.com.ua/nishi/sajt-dlya-remontnyh-poslug/,Сайт для ремонтних послуг під ключ | MAX SITE,"Сайт для ремонтних послуг: напрямки робіт, ціни, приклади, заявки, SEO-структура та просування в Google.",Сайт для ремонтних послуг,265,Answer|BreadcrumbList|FAQPage|ListItem|Organization|ProfessionalService|Question|Service|WebPage|WebSite,1,50,true,NOT_FETCHED,,
https://maxsite.com.ua/nishi/sajt-dlya-salonu-krasy/,nishi/sajt-dlya-salonu-krasy/index.html,niche,true,https://maxsite.com.ua/nishi/sajt-dlya-salonu-krasy/,Сайт для салону краси під ключ | MAX SITE,"Створюємо сайти для салонів краси: послуги, ціни, майстри, онлайн-запис, SEO та реклама.",Сайт для салону краси,263,Answer|BreadcrumbList|FAQPage|ListItem|Organization|ProfessionalService|Question|Service|WebPage|WebSite,130,50,true,NOT_FETCHED,,
https://maxsite.com.ua/nishi/sajt-dlya-stomatologiyi/,nishi/sajt-dlya-stomatologiyi/index.html,niche,true,https://maxsite.com.ua/nishi/sajt-dlya-stomatologiyi/,Сайт для стоматології під ключ | MAX SITE,"Створюємо сайт для стоматології: SEO-структура, адаптивний дизайн, заявки, аналітика та підготовка до Google Ads.",Сайт для стоматології,349,Answer|BreadcrumbList|FAQPage|ListItem|Organization|Question|Service|WebPage|WebSite,1,30,true,NOT_FETCHED,,
https://maxsite.com.ua/nishi/sajt-dlya-vyrobnytstva/,nishi/sajt-dlya-vyrobnytstva/index.html,niche,true,https://maxsite.com.ua/nishi/sajt-dlya-vyrobnytstva/,Сайт для виробничої компанії під ключ | MAX SITE,"Створюємо сайт для виробничої компанії: SEO-структура, адаптивний дизайн, заявки, аналітика та підготовка до Google Ads.",Сайт для виробничої компанії,350,Answer|BreadcrumbList|FAQPage|ListItem|Organization|Question|Service|WebPage|WebSite,1,30,true,NOT_FETCHED,,
https://maxsite.com.ua/nishi/sajt-dlya-yurydychnoyi-kompaniyi/,nishi/sajt-dlya-yurydychnoyi-kompaniyi/index.html,niche,true,https://maxsite.com.ua/nishi/sajt-dlya-yurydychnoyi-kompaniyi/,Сайт для юридичної компанії під ключ | MAX SITE,"Створюємо сайт для юридичної компанії: SEO-структура, адаптивний дизайн, заявки, аналітика та підготовка до Google Ads.",Сайт для юридичної компанії,352,Answer|BreadcrumbList|FAQPage|ListItem|Organization|Question|Service|WebPage|WebSite,1,30,true,NOT_FETCHED,,
https://maxsite.com.ua/pidtrymka-saytiv/,pidtrymka-saytiv/index.html,supporting-page,true,https://maxsite.com.ua/pidtrymka-saytiv/,Технічна підтримка сайтів для бізнесу | MAX SITE,"Підтримка сайтів: виправлення, оновлення, резервні копії, контроль форм, аналітики, SEO та швидкості.",Підтримка та розвиток сайту,422,Answer|BreadcrumbList|FAQPage|ListItem|Organization|Question|Service|WebPage|WebSite,36,30,true,NOT_FETCHED,,
https://maxsite.com.ua/polityka-konfidentsijnosti/,polityka-konfidentsijnosti/index.html,supporting-page,true,https://maxsite.com.ua/polityka-konfidentsijnosti/,Політика конфіденційності | MAX SITE,Політика конфіденційності MAX SITE щодо обробки контактних даних із форм заявки на сайті.,Політика конфіденційності,148,BreadcrumbList|ListItem|Organization|WebPage|WebSite,207,44,true,NOT_FETCHED,,
https://maxsite.com.ua/portfolio/,portfolio/index.html,portfolio-index,true,https://maxsite.com.ua/portfolio/,Портфоліо сайтів для бізнесу | MAX SITE,"Приклади сайтів для бізнесу від MAX SITE: клінінгові компанії, дезінфекційні послуги, локальний бізнес, сайти з SEO-структурою та заявками.",Портфоліо сайтів для бізнесу,324,BreadcrumbList|CollectionPage|ItemList|ListItem|Organization|WebPage|WebSite,305,48,true,NOT_FETCHED,,
https://maxsite.com.ua/portfolio/fo-dez/,portfolio/fo-dez/index.html,case,true,https://maxsite.com.ua/portfolio/fo-dez/,FO-DEZ — кейс сайту спеціалізованих послуг | MAX SITE,"Кейс FO-DEZ: адаптивний дизайн, структура спеціалізованих послуг, контактні сценарії та технічна SEO-підготовка.",FO-DEZ,321,BreadcrumbList|CreativeWork|ListItem|Organization|WebPage|WebSite,6,29,true,NOT_FETCHED,,
https://maxsite.com.ua/portfolio/formula-chystoty/,portfolio/formula-chystoty/index.html,case,true,https://maxsite.com.ua/portfolio/formula-chystoty/,Формула Чистоти — кейс сайту клінінгу | MAX SITE,"Кейс сайту клінінгової компанії: структура послуг, мобільні звернення, SEO-основа, аналітика та реальні скріншоти.",Формула Чистоти,333,BreadcrumbList|CreativeWork|ListItem|Organization|WebPage|WebSite,11,29,true,NOT_FETCHED,,
https://maxsite.com.ua/portfolio/max-site/,portfolio/max-site/index.html,case,true,https://maxsite.com.ua/portfolio/max-site/,MAX SITE — self-case SEO-системи та сайту студії,"Self-case MAX SITE: архітектура послуг, SEO-кластери, аналітика заявок, адаптивний дизайн і система контролю якості.",MAX SITE,353,BreadcrumbList|CreativeWork|ListItem|Organization|WebPage|WebSite,3,30,true,NOT_FETCHED,,
https://maxsite.com.ua/poslugy/,poslugy/index.html,supporting-page,true,https://maxsite.com.ua/poslugy/,Розробка сайтів і програм для бізнесу | MAX SITE,"Послуги MAX SITE: створення сайтів і програм під ключ, лендінгів, CRM, вебзастосунків, SEO-сайтів, магазинів, Google Ads та аналітики.",Розробка сайтів і програм для бізнесу,352,Answer|BreadcrumbList|FAQPage|ListItem|Organization|ProfessionalService|Question|Service|WebPage|WebSite,189,60,true,NOT_FETCHED,,
https://maxsite.com.ua/privacy.html,privacy.html,supporting-page,false,https://maxsite.com.ua/polityka-konfidentsijnosti/,Політика конфіденційності | MAX SITE,Політика конфіденційності MAX SITE.,Політика конфіденційності,22,,0,1,false,NOT_FETCHED,,
https://maxsite.com.ua/pro-nas/,pro-nas/index.html,supporting-page,true,https://maxsite.com.ua/pro-nas/,Про MAX SITE | Сайти під ключ для бізнесу,"Про MAX SITE: хто відповідає за створення сайтів, принципи роботи, комунікація, захист клієнта та робота з бізнесом по всій Україні.",Сайти для бізнесу з відповідальністю за результат роботи,418,AboutPage|BreadcrumbList|ListItem|Organization|WebPage|WebSite,180,46,true,NOT_FETCHED,,
https://maxsite.com.ua/qa-checklist/,qa-checklist/index.html,supporting-page,true,https://maxsite.com.ua/qa-checklist/,Чекліст запуску сайту | MAX SITE,"Публічний чекліст MAX SITE: SEO, мобільна версія, форми, аналітика, безпека й production-перевірка.",Чекліст контролю якості сайту,166,AboutPage|BreadcrumbList|ListItem|Organization|WebPage|WebSite,70,24,true,NOT_FETCHED,,
https://maxsite.com.ua/redesign-saytu/,redesign-saytu/index.html,supporting-page,true,https://maxsite.com.ua/redesign-saytu/,Редизайн сайту для бізнесу | MAX SITE,"Оновлюємо дизайн, структуру й конверсію сайту зі збереженням важливих URL, аналітики та SEO-сигналів.",Редизайн сайту без втрати SEO,435,Answer|BreadcrumbList|FAQPage|ListItem|Organization|Question|Service|WebPage|WebSite,35,30,true,NOT_FETCHED,,
https://maxsite.com.ua/rozrobka-nextjs/,rozrobka-nextjs/index.html,supporting-page,true,https://maxsite.com.ua/rozrobka-nextjs/,Розробка сайтів на Next.js для бізнесу | MAX SITE,"Розробляємо швидкі сайти та вебзастосунки на Next.js з SEO, аналітикою, інтеграціями й контрольованим запуском.",Розробка сайтів на Next.js,429,Answer|BreadcrumbList|FAQPage|ListItem|Organization|Question|Service|WebPage|WebSite,34,30,true,NOT_FETCHED,,
https://maxsite.com.ua/rozrobka-wordpress/,rozrobka-wordpress/index.html,supporting-page,true,https://maxsite.com.ua/rozrobka-wordpress/,Розробка сайтів на WordPress під ключ | MAX SITE,"Створюємо керовані WordPress-сайти для бізнесу: безпечна структура, адаптивний дизайн, SEO та зручне редагування.",Розробка сайтів на WordPress,423,Answer|BreadcrumbList|FAQPage|ListItem|Organization|Question|Service|WebPage|WebSite,34,30,true,NOT_FETCHED,,
https://maxsite.com.ua/sajty-dlya-poslug/,sajty-dlya-poslug/index.html,supporting-page,true,https://maxsite.com.ua/sajty-dlya-poslug/,Сайт для послуг під ключ | MAX SITE,"Створюємо сайти для бізнес-послуг з окремими сторінками, SEO-структурою, формами заявок, FAQ та аналітикою.",Сайт для послуг,306,Answer|BreadcrumbList|FAQPage|ListItem|Organization|ProfessionalService|Question|Service|WebPage|WebSite,174,52,true,NOT_FETCHED,,
https://maxsite.com.ua/sayt-vizytka/,sayt-vizytka/index.html,supporting-page,true,https://maxsite.com.ua/sayt-vizytka/,Сайт-візитка для бізнесу під ключ | MAX SITE,"Компактний сайт-візитка з чіткою пропозицією, контактами, мобільною версією, базовим SEO та аналітикою.",Сайт-візитка для бізнесу,424,Answer|BreadcrumbList|FAQPage|ListItem|Organization|Question|Service|WebPage|WebSite,1,30,true,NOT_FETCHED,,
https://maxsite.com.ua/seo-first/,seo-first/index.html,supporting-page,true,https://maxsite.com.ua/seo-first/,Методологія MAX SITE SEO-FIRST™,"Як MAX SITE проєктує сайти під Google, рекламу, заявки й аналітику ще до початку дизайну.",MAX SITE SEO-FIRST™,167,AboutPage|BreadcrumbList|ListItem|Organization|WebPage|WebSite,63,28,true,NOT_FETCHED,,
https://maxsite.com.ua/seo-prosuvannya/,seo-prosuvannya/index.html,supporting-page,true,https://maxsite.com.ua/seo-prosuvannya/,SEO-просування сайтів для бізнесу | MAX SITE,"SEO-просування для бізнесу: семантика, технічний аудит, контент, внутрішні посилання, Search Console і прозорий план робіт.",SEO-просування сайту,424,Answer|BreadcrumbList|FAQPage|ListItem|Organization|Question|Service|WebPage|WebSite,37,30,true,NOT_FETCHED,,
https://maxsite.com.ua/seo-sajt-pid-google/,seo-sajt-pid-google/index.html,money-page,true,https://maxsite.com.ua/seo-sajt-pid-google/,SEO-сайт під Google для бізнесу | MAX SITE,"Створюємо SEO-сайти під Google: структура сторінок, мета-теги, FAQ, Schema.org, швидкість, мобільна версія та Search Console.",SEO-сайт під Google,301,Answer|BreadcrumbList|FAQPage|ListItem|Organization|ProfessionalService|Question|Service|WebPage|WebSite,189,52,true,NOT_FETCHED,,
https://maxsite.com.ua/stvorennya-internet-mahazynu/,stvorennya-internet-mahazynu/index.html,money-page,true,https://maxsite.com.ua/stvorennya-internet-mahazynu/,Створення інтернет-магазину під ключ | MAX SITE,"Розробляємо інтернет-магазини з каталогом, фільтрами, оплатою, доставкою, аналітикою та SEO-структурою.",Створення інтернет-магазину під ключ,1284,Answer|BreadcrumbList|Country|FAQPage|ListItem|Organization|Question|Service|WebPage|WebSite,136,54,true,NOT_FETCHED,,
https://maxsite.com.ua/stvorennya-korporatyvnoho-saytu/,stvorennya-korporatyvnoho-saytu/index.html,money-page,true,https://maxsite.com.ua/stvorennya-korporatyvnoho-saytu/,Створення корпоративного сайту під ключ | MAX SITE,"Розробка корпоративних сайтів для компаній: послуги, команда, кейси, інтеграції, SEO та зручне керування контентом.",Створення корпоративного сайту,860,Answer|BreadcrumbList|Country|FAQPage|ListItem|Organization|Question|Service|WebPage|WebSite,151,51,true,NOT_FETCHED,,
https://maxsite.com.ua/stvorennya-landing-page/,stvorennya-landing-page/index.html,money-page,true,https://maxsite.com.ua/stvorennya-landing-page/,Створення Landing Page під ключ | MAX SITE,"Розробка Landing Page для реклами, продажу послуг і залучення заявок. Адаптивний дизайн, швидке завантаження та SEO-основа.",Створення Landing Page під ключ,998,Answer|BreadcrumbList|Country|FAQPage|ListItem|Organization|Question|Service|WebPage|WebSite,177,52,true,NOT_FETCHED,,
https://maxsite.com.ua/stvorennya-lendingiv/,stvorennya-lendingiv/index.html,supporting-page,false,https://maxsite.com.ua/stvorennya-landing-page/,Створення лендінгів для реклами | MAX SITE,"Створення лендінгу під ключ для послуг, продуктів і реклами: структура продажів, адаптивний дизайн, форма заявки та аналітика.",Створення лендінгів,299,Answer|BreadcrumbList|FAQPage|ListItem|Organization|ProfessionalService|Question|Service,0,52,false,NOT_FETCHED,,
https://maxsite.com.ua/stvorennya-program/,stvorennya-program/index.html,money-page,true,https://maxsite.com.ua/stvorennya-program/,Створення програм для бізнесу під ключ | MAX SITE,"Розробляємо програми, вебзастосунки, CRM, особисті кабінети та системи автоматизації для бізнесу в Україні — від прототипу до запуску.",Створення програм для бізнесу під ключ,498,Answer|BreadcrumbList|Country|FAQPage|ListItem|Organization|Question|Service|WebPage|WebSite,192,53,true,NOT_FETCHED,,
https://maxsite.com.ua/stvorennya-sajtiv-pid-klyuch/,stvorennya-sajtiv-pid-klyuch/index.html,supporting-page,false,https://maxsite.com.ua/stvorennya-saytiv/,Створення сайтів під ключ для бізнесу | MAX SITE,"Створюємо сайти під ключ для бізнесу: лендінги, корпоративні сайти, сайти послуг, інтернет-магазини та SEO-структуру для Google.",Створення сайтів під ключ для бізнесу,313,Answer|BreadcrumbList|FAQPage|ListItem|Organization|ProfessionalService|Question|Service,0,52,false,NOT_FETCHED,,
https://maxsite.com.ua/stvorennya-saytiv/,stvorennya-saytiv/index.html,money-page,true,https://maxsite.com.ua/stvorennya-saytiv/,Замовити сайт під ключ в Україні | MAX SITE,"Професійне створення сайтів під ключ для бізнесу в Україні. Структура, дизайн, розробка, SEO-основа, аналітика та запуск.",Створення сайтів під ключ в Україні,982,Answer|BreadcrumbList|Country|FAQPage|ListItem|Organization|Question|Service|WebPage|WebSite,252,55,true,NOT_FETCHED,,
https://maxsite.com.ua/stvorennya-saytu-dlya-biznesu/,stvorennya-saytu-dlya-biznesu/index.html,money-page,true,https://maxsite.com.ua/stvorennya-saytu-dlya-biznesu/,Створення сайту для бізнесу під ключ | MAX SITE,"Створюємо багатосторінкові сайти для малого та середнього бізнесу: структура, дизайн, SEO, аналітика та запуск під ключ.",Створення сайту для бізнесу,1009,Answer|BreadcrumbList|Country|FAQPage|ListItem|Organization|Question|Service|WebPage|WebSite,36,52,true,NOT_FETCHED,,
https://maxsite.com.ua/tehnichne-seo/,tehnichne-seo/index.html,supporting-page,true,https://maxsite.com.ua/tehnichne-seo/,Технічне SEO та аудит сайту | MAX SITE,"Перевіряємо індексацію, canonical, sitemap, robots, schema, швидкість, дублікати й внутрішні посилання.",Технічне SEO сайту,422,Answer|BreadcrumbList|FAQPage|ListItem|Organization|Question|Service|WebPage|WebSite,48,30,true,NOT_FETCHED,,
https://maxsite.com.ua/zasnovnyk/,zasnovnyk/index.html,supporting-page,true,https://maxsite.com.ua/zasnovnyk/,Засновник MAX SITE | Відповідальність за проєкт,"Хто координує проєкти MAX SITE: комунікація, структура сайту, SEO-підготовка, QA і контроль запуску.",Засновник MAX SITE,296,AboutPage|BreadcrumbList|ListItem|Organization|Person|WebPage|WebSite,41,27,true,NOT_FETCHED,,
