"dimension_type","dimension","clicks","impressions","ctr_percent","average_position"
"query","замовити сайт","0","243","0","64.8"
"query","інтернет магазин під ключ","0","142","0","67.9"
"query","замовити сайт київ","0","80","0","85.8"
"query","створення сайтів київ","0","64","0","75.0"
"query","просування сайту у києві","0","41","0","77.3"
"query","створення сайту київ","0","41","0","80.0"
"query","landing page під ключ","0","37","0","59.9"
"query","створити сайт київ","0","35","0","47.9"
"query","лендінг для клінінгової компанії","0","32","0","8.4"
"query","замовити інтернет магазин під ключ","0","26","0","93.5"
"query","інтернет-магазин під ключ","0","22","0","72.0"
"query","сайт для бізнесу","0","21","0","24.2"
"query","створення інтернет магазину під ключ","0","20","0","76.0"
"query","створення сайтів у черкасах","0","18","0","45.1"
"query","сайт під ключ","0","17","0","69.9"
"query","створити інтернет магазин ціна","0","16","0","97.3"
"query","скільки коштує створити інтернет магазин","0","15","0","91.6"
"query","замовити інтернет магазин","0","13","0","84.5"
"query","інтернет магазин на замовлення","0","12","0","45.7"
"query","вартість створення інтернет магазину","0","12","0","95.4"
"query","скільки коштує відкрити інтернет магазин","0","11","0","77.5"
"query","заказать сайт интернет магазина под ключ","0","11","0","89.9"
"query","медичний сайт під ключ","0","10","0","61.9"
"query","сайт під ключ для медичного центру","0","9","0","79.9"
"query","створення інтернет магазину ціна","0","9","0","98.4"
"query","створення сайтів черкаси","0","8","0","41.6"
"query","створити сайт для бізнесу","0","8","0","79.1"
"query","сайт под ключ интернет магазин","0","8","0","85.6"
"query","підтримка сайту","0","7","0","79.3"
"query","скільки коштує інтернет магазин","0","7","0","89.0"
"query","створити сайт у черкасах","0","6","0","37.3"
"query","розробка сайтів черкаси","0","6","0","52.8"
"query","сайт под ключ для клиники","0","6","0","77.7"
"query","скільки коштує зробити інтернет магазин","0","6","0","82.8"
"query","послуги створення сайтів для медицини","0","6","0","85.7"
"query","розробка медичних сайтів під ключ","0","6","0","87.3"
"query","скільки коштує створити сайт інтернет магазин","0","6","0","87.5"
"query","вартість інтернет магазину","0","6","0","94.5"
"query","зробити сайт київ","0","5","0","51.8"
"query","розкрутка сайтів черкаси","0","5","0","52.2"
"query","сайт під ключ у черкасах","0","5","0","61.8"
"query","створення сайтів під ключ київ","0","5","0","77.4"
"query","создать сайт в черкассах","0","5","0","78.0"
"query","разработка интернет магазинов ключ","0","5","0","78.6"
"query","інтернет магазин створити ціна","0","5","0","79.0"
"query","замовити сайт у києві","0","5","0","86.0"
"query","заказать интернет магазин под ключ","0","5","0","86.4"
"query","вартість інтернет магазину під ключ","0","5","0","87.8"
"query","створити інтернет магазин під ключ","0","5","0","92.6"
"query","замовити створення медичних сайтів","0","5","0","92.8"
"query","створення сайтів у києві","0","4","0","35.3"
"query","розробка сайту в черкасах","0","4","0","72.3"
"query","технічна підтримка сайтів","0","4","0","80.5"
"query","скільки коштує відкрити інтернет магазин в україні","0","4","0","82.8"
"query","заказать сайт в черкассах","0","4","0","84.5"
"query","сайт под ключ в черкассах","0","4","0","91.0"
"query","замовити створення інтернет магазину під ключ","0","4","0","99.3"
"query","створення сайту для бізнесу","0","3","0","45.7"
"query","создание интернет магазина с нуля под ключ","0","3","0","69.7"
"query","замовити сайт в києві","0","3","0","79.3"
"query","создать бизнес сайт","0","3","0","79.3"
"query","заказать сайт черкассы","0","3","0","82.0"
"query","створення сайту в києві","0","3","0","83.3"
"query","замовити інтернет-магазин","0","3","0","86.0"
"query","создание сайтов в черкассах","0","3","0","89.3"
"query","сделать сайт интернет магазина под ключ","0","3","0","94.0"
"query","сайт для малого бізнесу","0","2","0","36.5"
"query","сайт під ключ київ","0","2","0","52.0"
"query","створення сайтів в києві","0","2","0","62.0"
"query","онлайн магазин під ключ","0","2","0","68.0"
"query","сайт інтернет магазин під ключ","0","2","0","70.5"
"query","сайт для послуг","0","2","0","71.5"
"query","клінінг під ключ","0","2","0","76.5"
"query","сайт-візитка під ключ","0","2","0","80.0"
"query","створення української версії сайту","0","2","0","81.5"
"query","сделать интернет магазин под ключ","0","2","0","87.5"
"query","створення інтернет магазину під ключ ціна","0","2","0","88.5"
"query","заказать сайт под ключ интернет магазин","0","2","0","95.0"
"query","создание интернет магазин под ключ","0","2","0","96.0"
"query","создание интернет магазина с нуля и под ключ","0","2","0","97.5"
"query","разработка создания крупных интернет магазинов под ключ","0","2","0","99.0"
"query","розробка інтернет магазину під ключ","0","2","0","100.0"
"query","seo first","0","1","0","5.0"
"query","сайт для стоматології під ключ","0","1","0","17.0"
"query","google analytics під ключ","0","1","0","32.0"
"query","сайт для салону краси","0","1","0","65.0"
"query","clean site services","0","1","0","69.0"
"query","max siti","0","1","0","71.0"
"query","сайт візитка під ключ","0","1","0","81.0"
"query","создание сайтов черкассы","0","1","0","81.0"
"query","maxsite","0","1","0","82.0"
"query","создание сайтов интернет магазинов под ключ","0","1","0","84.0"
"query","заказать интернет-магазин под ключ","0","1","0","86.0"
"query","сайт интернет магазин под ключ","0","1","0","92.0"
"query","інтернет магазин під ключ ціна","0","1","0","93.0"
"query","розкрутка сайту у києві","0","1","0","98.0"
"query","розробка інтернет-магазину під ключ","0","1","0","99.0"
"query","технічна підтримка сайту","0","1","0","99.0"
"page","https://maxsite.com.ua/","1","240","0.4","60.6"
"page","https://maxsite.com.ua/stvorennya-saytu-dlya-biznesu/","1","124","0.8","63.6"
"page","https://maxsite.com.ua/stvorennya-internet-mahazynu/","0","362","0","75.6"
"page","https://maxsite.com.ua/mista/stvorennya-sajtiv-kyiv/","0","326","0","72.2"
"page","https://maxsite.com.ua/blog/skilky-koshtuye-stvorennya-internet-magazynu/","0","99","0","90.3"
"page","https://maxsite.com.ua/mista/stvorennya-sajtiv-cherkasy/","0","95","0","58.6"
"page","https://maxsite.com.ua/stvorennya-landing-page/","0","50","0","58.8"
"page","https://maxsite.com.ua/nishi/sajt-dlya-medychnyh-poslug/","0","43","0","77.0"
"page","https://maxsite.com.ua/nishi/sajt-dlya-kliningovoyi-kompaniyi/","0","34","0","12.4"
"page","https://maxsite.com.ua/sajty-dlya-poslug/","0","24","0","62.8"
"page","https://maxsite.com.ua/pidtrymka-saytiv/","0","12","0","81.3"
"page","https://maxsite.com.ua/stvorennya-saytiv/ Копировать URL в буфер обмена Открыть URL в новой вкладке Проверить URL","0","11","0","18.6"
"page","https://maxsite.com.ua/mista/","0","10","0","5.0"
"page","https://maxsite.com.ua/nishi/sajt-dlya-budivelnoyi-kompaniyi/","0","9","0","36.2"
"page","https://maxsite.com.ua/nishi/sajt-dlya-salonu-krasy/","0","9","0","62.6"
"page","https://maxsite.com.ua/nishi/sajt-dlya-magazynu/","0","4","0","4.5"
"page","https://maxsite.com.ua/nishi/sajt-dlya-eksperta/","0","4","0","5.0"
"page","https://maxsite.com.ua/mista/stvorennya-sajtiv-ukrayina/","0","4","0","5.5"
"page","https://maxsite.com.ua/kontakty/","0","4","0","6.8"
"page","https://maxsite.com.ua/stvorennya-korporatyvnoho-saytu/","0","4","0","20.5"
"page","https://maxsite.com.ua/blog/","0","3","0","8.0"
"page","https://maxsite.com.ua/sayt-vizytka/","0","3","0","80.3"
"page","https://maxsite.com.ua/nishi/sajt-dlya-remontnyh-poslug/","0","2","0","4.5"
"page","https://maxsite.com.ua/blog/skilky-koshtuye-stvorennya-sajtu/","0","2","0","5.5"
"page","https://maxsite.com.ua/nishi/","0","2","0","36.5"
"page","https://maxsite.com.ua/portfolio/","0","2","0","37.0"
"page","https://maxsite.com.ua/nishi/sajt-dlya-avtoservisu/","0","2","0","56.5"
"page","https://maxsite.com.ua/google-ads/","0","2","0","78.5"
"page","https://maxsite.com.ua/pro-nas/","0","1","0","2.0"
"page","https://maxsite.com.ua/blog/seo-first-pidhid/","0","1","0","5.0"
"page","https://maxsite.com.ua/blog/yak-pidgotuvaty-biznes-do-zapusku-sajtu/","0","1","0","7.0"
"page","https://maxsite.com.ua/polityka-konfidentsijnosti/","0","1","0","9.0"
"page","https://maxsite.com.ua/nishi/sajt-dlya-stomatologiyi/","0","1","0","17.0"
"page","https://maxsite.com.ua/google-analytics-search-console/","0","1","0","32.0"
"page","https://maxsite.com.ua/rozrobka-wordpress/","0","1","0","38.0"
"country","Україна","2","1332","0.2","69.7"
"country","Великобритания","0","7","0","10.7"
"country","Бразилия","0","6","0","41.8"
"country","Россия","0","5","0","36.0"
"country","Швеция","0","5","0","50.2"
"country","Нидерланды","0","3","0","22.3"
"country","Малайзия","0","3","0","50.7"
"country","Вьетнам","0","2","0","14.0"
"country","Филиппины","0","2","0","36.5"
"country","Германия","0","2","0","37.5"
"device","Desktop","2","1023","0.2","69.3"
"device","Mobile","0","362","0","65.7"
"search_appearance","Product snippets","0","182","0","79.8"
