url,type,baseline_description_chars,distinct_inlink_sources,proof_state,provisional_decision,baseline_next_action
/blog/canonical-url-prostymy-slovamy/,article,88,1,editorial-only,IMPROVE,"Rewrite description; add primary sources; add contextual technical-SEO inlinks"
/blog/chomu-sajt-bez-seo-ne-daye-rezultatu/,article,89,2,editorial-only,IMPROVE,"Rewrite description; add primary sources; monitor query/page data"
/blog/chomu-tsiny-na-sajty-vidriznyayutsya/,article,130,2,sourced-editorial,KEEP,"Monitor GSC and assisted conversions; strengthen contextual inlinks"
/blog/ga4-konversiyi-dlya-sajtu/,article,71,2,sourced-editorial,IMPROVE,"Rewrite description; link contextually from analytics service"
/blog/google-ads-dlya-biznesu/,article,90,1,editorial-only,IMPROVE,"Rewrite description; add Google primary sources; link from Ads service"
/blog/google-analytics-search-console/,article,107,1,sourced-editorial,IMPROVE,"Rewrite description; link from analytics service"
/blog/landing-dlya-google-ads/,article,85,2,sourced-editorial,IMPROVE,"Rewrite description; link from Ads and landing owners"
/blog/lending-abo-korporatyvnyj-sajt/,article,131,7,sourced-editorial,KEEP,"Monitor GSC and assisted conversions"
/blog/nextjs-chy-wordpress/,article,83,1,sourced-editorial,IMPROVE,"Rewrite description; add links from both technology owners; extend comparison only with sources"
/blog/pidtrymka-saytu-pislya-zapusku/,article,87,2,sourced-editorial,IMPROVE,"Rewrite description; link from support owner"
/blog/redesign-saytu-bez-vtraty-seo/,article,84,2,editorial-only,IMPROVE,"Rewrite description; add primary sources; link from redesign owner"
/blog/sajt-dlya-kliningovoyi-kompaniyi/,article,95,2,relevant-client-case,IMPROVE,"Rewrite description; add sources; preserve Formula Chystoty bridge"
/blog/seo-first-pidhid/,article,68,2,editorial-only,IMPROVE,"Rewrite description; add primary sources; avoid unsupported proprietary-performance claim"
/blog/shcho-vhodyt-u-sajt-pid-klyuch/,article,129,6,sourced-editorial,KEEP,"Monitor GSC and assisted conversions"
/blog/shcho-vhodyt-u-stvorennya-internet-magazynu-pid-klyuch/,article,119,2,editorial-only,IMPROVE,"Perform substantive review; add visible review date and sources"
/blog/skilky-koshtuye-stvorennya-internet-magazynu/,article,117,1,sourced-editorial,IMPROVE,"Perform substantive review; add visible review date; link from ecommerce owner"
/blog/skilky-koshtuye-stvorennya-sajtu/,article,135,13,sourced-editorial,KEEP,"Monitor GSC and update prices only with dated source"
/blog/skilky-tryvaye-rozrobka-sajtu/,article,124,2,sourced-editorial,KEEP,"Strengthen contextual inlinks; monitor GSC"
/blog/struktura-sajtu-dlya-seo/,article,83,1,sourced-editorial,IMPROVE,"Rewrite description; link from city directory and SEO owner"
/blog/tehnichne-seo-cheklist/,article,78,2,self-case-and-sources,IMPROVE,"Rewrite description; link from technical SEO and QA pages"
/blog/vnutrishnya-perelinkovka/,article,79,1,editorial-only,IMPROVE,"Rewrite description; add primary sources; link from technical SEO owner"
/blog/yak-pidgotuvaty-biznes-do-zapusku-sajtu/,article,89,1,editorial-only,IMPROVE,"Rewrite description; add sources; link from brief and turnkey scope"
/blog/yak-pidgotuvaty-bryf-na-sajt/,article,75,2,editorial-only,IMPROVE,"Rewrite description; add sources; link to downloadable brief"
/blog/yak-sajt-dopomagaye-otrymuvaty-zayavky/,article,89,1,sourced-editorial,IMPROVE,"Rewrite description; add contextual link from core service"
/blog/yak-vybraty-rozrobnyka-sajtu/,article,122,1,sourced-editorial,IMPROVE,"Perform substantive review; add visible review date; link from About"
/blog/yak-vybraty-vebstudiyu-v-ukrayini/,article,130,6,sourced-editorial,KEEP,"Monitor GSC and assisted conversions"
/blog/yak-zamovyty-sajt-i-ne-vtratyty-groshi/,article,122,1,editorial-only,IMPROVE,"Perform substantive review; add visible review date and primary sources"
/blog/yakyj-sajt-potriben-lokalnomu-biznesu/,article,94,1,editorial-only,IMPROVE,"Rewrite description; add sources; link from local-business and city hubs"
/nishi/sajt-dlya-avtoservisu/,niche,108,68,no-relevant-client-case,HOLD_EVALUATE,"Rewrite description; review 16-month GSC/backlinks/unique value; obtain relevant proof"
/nishi/sajt-dlya-b2b-kompaniyi/,niche,113,1,no-relevant-client-case,HOLD_EVALUATE,"Review 16-month GSC/backlinks/unique value; obtain relevant proof and inlinks"
/nishi/sajt-dlya-budivelnoyi-kompaniyi/,niche,139,68,no-relevant-client-case,HOLD_EVALUATE,"Review 16-month GSC/backlinks/unique value; obtain relevant proof"
/nishi/sajt-dlya-dezinfekciyi/,niche,112,2,relevant-case-exists,HOLD_EVALUATE,"Add a contextual FO-DEZ case link; verify service relationship; review GSC/backlinks"
/nishi/sajt-dlya-eksperta/,niche,95,2,no-relevant-client-case,HOLD_EVALUATE,"Rewrite description; review 16-month GSC/backlinks/unique value; obtain relevant proof"
/nishi/sajt-dlya-horeca/,niche,118,1,no-relevant-client-case,HOLD_EVALUATE,"Review 16-month GSC/backlinks/unique value; obtain relevant proof and inlinks"
/nishi/sajt-dlya-kliningovoyi-kompaniyi/,niche,153,69,relevant-client-case,KEEP_PROVISIONAL,"Preserve Formula Chystoty bridge; monitor niche query/page and qualified leads"
/nishi/sajt-dlya-kursiv/,niche,89,1,self-case-only,IMPROVE_AND_EVALUATE,"Rewrite description; self-case is not sector client proof; review GSC/backlinks"
/nishi/sajt-dlya-landshaftnoyi-kompaniyi/,niche,121,1,no-relevant-client-case,HOLD_EVALUATE,"Review 16-month GSC/backlinks/unique value; obtain relevant proof and inlinks"
/nishi/sajt-dlya-logistychnoyi-kompaniyi/,niche,121,1,no-relevant-client-case,HOLD_EVALUATE,"Review 16-month GSC/backlinks/unique value; obtain relevant proof and inlinks"
/nishi/sajt-dlya-lokalnogo-biznesu/,niche,139,63,no-relevant-client-case,HOLD_EVALUATE,"Review overlap with city hubs; use GSC/backlinks and unique value before any index change"
/nishi/sajt-dlya-magazynu/,niche,101,1,self-case-only,IMPROVE_AND_EVALUATE,"Rewrite description; obtain real retail/ecommerce proof; review GSC/backlinks"
/nishi/sajt-dlya-meblevoyi-kompaniyi/,niche,118,1,no-relevant-client-case,HOLD_EVALUATE,"Review 16-month GSC/backlinks/unique value; obtain relevant proof and inlinks"
/nishi/sajt-dlya-medychnyh-poslug/,niche,98,26,self-case-only,IMPROVE_AND_EVALUATE,"Rewrite description; maintain professional-review caveat; obtain sector proof"
/nishi/sajt-dlya-neruhomosti/,niche,112,1,self-case-only,IMPROVE_AND_EVALUATE,"Obtain sector proof; review GSC/backlinks; strengthen inlinks"
/nishi/sajt-dlya-remontnyh-poslug/,niche,104,1,no-relevant-client-case,HOLD_EVALUATE,"Rewrite description; review GSC/backlinks/unique value; obtain relevant proof"
/nishi/sajt-dlya-salonu-krasy/,niche,88,68,no-relevant-client-case,HOLD_EVALUATE,"Rewrite description; review GSC/backlinks/unique value; obtain relevant proof"
/nishi/sajt-dlya-stomatologiyi/,niche,113,1,no-relevant-client-case,HOLD_EVALUATE,"Review GSC/backlinks; obtain sector proof; avoid health outcome claims"
/nishi/sajt-dlya-vyrobnytstva/,niche,120,1,self-case-only,IMPROVE_AND_EVALUATE,"Obtain sector proof; review GSC/backlinks; strengthen inlinks"
/nishi/sajt-dlya-yurydychnoyi-kompaniyi/,niche,119,1,no-relevant-client-case,HOLD_EVALUATE,"Review GSC/backlinks; obtain sector proof; avoid legal outcome claims"
