search_term_view_search_term,search_term_view_campaign_id,search_term_view_ad_group_id,clicks,cost,impressions
делать сайты на заказ,24122973025,204759032331,3,238.2191,6
заказать сайт,24122973025,204759032331,17,1186.2,63
замовити сайт,24122973025,204759032331,2,235.14,88
замовити сайт львів,24122973025,204759032331,0,0,17
платформи для створення інтернет магазину,24122973025,204759032331,0,0,2
разработка сайта,24122973025,204759032331,3,191.64,11
разработка сайтов,24122973025,204759032331,8,604.97,58
розробка сайтів,24122973025,204759032331,21,1527.3353,272
сайт для бізнесу,24122973025,204759032331,1,48.91,14
сайт под ключ,24122973025,204759032331,10,897.08,39
сделать сайт на заказ,24122973025,204759032331,0,0,3
сделать сайт на заказ цена,24122973025,204759032331,0,0,1
создание сайта,24122973025,204759032331,1,61.05,25
создание сайтов,24122973025,204759032331,4,328.82,38
створення лендінгу,24122973025,204759032331,4,319.93,23
створення сайту під ключ,24122973025,204759032331,4,199.71,14
глянець замовити сайт створити сайт розробка інтернет магазинів у ві,24122973025,204759032331,0,0,19
замовити сайт київ,24122973025,204759032331,0,0,14
изготовление сайтов,24122973025,204759032331,0,0,1
сайт замовити,24122973025,204759032331,3,164.94,19
google agency account,24122973025,204759032331,0,0,1
google ai max,24122973025,204759032331,0,0,1
замовити розробку сайтів,24122973025,204759032331,0,0,4
замовити сайт візитку,24122973025,204759032331,0,0,6
замовити сайт під ключ,24122973025,204759032331,2,176.52,22
замовити сайт ціна,24122973025,204759032331,1,68.2,11
настройка рекламы гугл,24122973025,204759032331,0,0,1
разработка сайта под ключ,24122973025,204759032331,0,0,5
розробка сайту,24122973025,204759032331,0,0,5
створення сайтів під ключ,24122973025,204759032331,3,264.48,18
створення інтернет магазину ціна,24122973025,204759032331,0,0,6
google planner keyword,24122973025,204759032331,0,0,1
google_mobile_ads,24122973025,204759032331,0,0,1
заказать разработку сайта,24122973025,204759032331,1,75.61,1
замовити розробку сайту,24122973025,204759032331,0,0,11
ads keyword planner,24122973025,204759032331,0,0,1
https myadcenter google com,24122973025,204759032331,0,0,1
заказать сайт для бизнеса,24122973025,204759032331,1,65.8,1
заказать сайт под ключ,24122973025,204759032331,1,125.1,3
створення лендінгу ціна,24122973025,204759032331,4,197.18,11
google editor,24122973025,204759032331,0,0,2
разработка сайтов web,24122973025,204759032331,0,0,1
создание сайта для бизнеса,24122973025,204759032331,0,0,3
создать бизнес сайт,24122973025,204759032331,0,0,1
google mcc,24122973025,204759032331,0,0,1
googleads,24122973025,204759032331,0,0,2
googleadservices,24122973025,204759032331,0,0,3
myadcenter google com,24122973025,204759032331,0,0,2
заказать создание сайта,24122973025,204759032331,1,82.31,3
налаштування гугл реклами,24122973025,204759032331,0,0,1
розробник сайту,24122973025,204759032331,0,0,1
сайт заказать,24122973025,204759032331,0,0,2
сайт на заказ,24122973025,204759032331,0,0,5
создание сайтов заказы,24122973025,204759032331,1,93.83,2
создать сайт под ключ,24122973025,204759032331,3,295.12,4
створення інтернет магазину київ,24122973025,204759032331,0,0,2
google uac,24122973025,204759032331,0,0,1
заказ сайт,24122973025,204759032331,0,0,3
разработка web сайтов,24122973025,204759032331,0,0,2
сайта под ключ,24122973025,204759032331,0,0,2
створення сайту інтернет магазину,24122973025,204759032331,0,0,1
google ads,24122973025,204759032331,0,0,21
заказать корпоративный сайт под ключ,24122973025,204759032331,0,0,3
замовити односторінковий сайт,24122973025,204759032331,0,0,3
написание сайтов на заказ,24122973025,204759032331,0,0,2
google ads mcp server,24122973025,204759032331,0,0,1
створення інтернет магазину,24122973025,204759032331,0,0,9
замовити сайт на wordpress,24122973025,204759032331,0,0,2
написать сайт на заказ,24122973025,204759032331,0,0,1
сколько стоит лендинг,24122973025,204759032331,0,0,5
https ads google com,24122973025,204759032331,0,0,2
www ads google com,24122973025,204759032331,0,0,1
заказы веб сайтов,24122973025,204759032331,0,0,1
конструктор интернет магазина,24122973025,204759032331,0,0,2
создание сайта под ключ,24122973025,204759032331,1,47.32,2
разработка бизнес сайтов,24122973025,204759032331,0,0,2
разработка сайтов заказать,24122973025,204759032331,0,0,1
разработка сайтов на заказ,24122973025,204759032331,0,0,1
создание интернет магазина на wordpress,24122973025,204759032331,0,0,1
услуги создание сайта,24122973025,204759032331,0,0,1
услуги создание сайтов,24122973025,204759032331,0,0,2
google aci,24122973025,204759032331,0,0,1
google ads setting,24122973025,204759032331,0,0,3
google ads settings,24122973025,204759032331,0,0,1
local service ads,24122973025,204759032331,0,0,1
как создать сайт предприятия,24122973025,204759032331,0,0,2
купить сайт под ключ,24122973025,204759032331,0,0,2
под ключ сайт,24122973025,204759032331,0,0,1
сколько стоит создать сайт в украине,24122973025,204759032331,0,0,1
создать сайт харьков,24122973025,204759032331,0,0,1
google bids,24122973025,204759032331,0,0,1
изготовление сайтов под ключ,24122973025,204759032331,0,0,1
сайт хорошоп,24122973025,204759032331,0,0,3
сделать сайты на заказ,24122973025,204759032331,0,0,2
сколько стоит создать свой сайт,24122973025,204759032331,0,0,3
создать свой сайт для бизнеса,24122973025,204759032331,0,0,1
хорошоп сайт,24122973025,204759032331,0,0,7
google ads manager,24122973025,204759032331,0,0,1
купить лендинг под ключ,24122973025,204759032331,0,0,2
одностраничный сайт цена,24122973025,204759032331,0,0,1
разработка интернет магазина харьков,24122973025,204759032331,0,0,1
создание сайтов в кривом роге,24122973025,204759032331,0,0,3
создание сайтов павлоград,24122973025,204759032331,0,0,1
создать сайт сколько стоит в среднем,24122973025,204759032331,0,0,2
створення інтернет магазину львів,24122973025,204759032331,0,0,3
стоимость сайта на тильде,24122973025,204759032331,0,0,2
стоимость создания сайта с нуля,24122973025,204759032331,0,0,1
auto tagging google ads,24122973025,204759032331,0,0,1
google ads price,24122973025,204759032331,0,0,1
pmax campaign,24122973025,204759032331,0,0,1
дизайн бизнес сайта,24122973025,204759032331,0,0,1
замовити дизайн сайту,24122973025,204759032331,0,0,31
как запустить рекламу в гугл,24122973025,204759032331,0,0,1
как рекламировать свой сайт в google,24122973025,204759032331,0,0,1
как создать рекламу в гугле,24122973025,204759032331,0,0,1
купить сайт интернет магазин цена,24122973025,204759032331,1,53.11,3
лендинг для бизнеса,24122973025,204759032331,0,0,2
лендинг цена,24122973025,204759032331,0,0,1
разработка интернет магазинов киев,24122973025,204759032331,0,0,1
разработка сайтов сумы,24122973025,204759032331,0,0,3
разработка сайтов харьков,24122973025,204759032331,0,0,1
заказ сайтов,24122973025,204759032331,0,0,1
нужен сайт на заказ,24122973025,204759032331,0,0,2
сайт под ключ харьков,24122973025,204759032331,0,0,1
сайты на woocommerce,24122973025,204759032331,0,0,1
сколько стоит сделать простой сайт,24122973025,204759032331,0,0,1
создавать сайты на заказ,24122973025,204759032331,0,0,1
створення інтернет магазину самостійно,24122973025,204759032331,0,0,1
opencart сайт,24122973025,204759032331,0,0,1
изготовление сайта,24122973025,204759032331,0,0,1
разработка сайтов украина,24122973025,204759032331,0,0,2
сделать сайт цена,24122973025,204759032331,0,0,3
сколько стоит сделать свой сайт,24122973025,204759032331,0,0,2
сколько стоит создать одностраничный сайт,24122973025,204759032331,0,0,1
создание сайтов украина,24122973025,204759032331,0,0,1
заказать лендинг,24122973025,204759032331,0,0,2
заказать сайт для строительной компании,24122973025,204759032331,0,0,1
заказать сайт на тильде,24122973025,204759032331,0,0,2
разработка сайта для салона красоты,24122973025,204759032331,0,0,1
разработка сайтов цена,24122973025,204759032331,0,0,1
сайт сколько стоит,24122973025,204759032331,0,0,1
сколько стоит сделать сайт,24122973025,204759032331,0,0,3
сколько стоит создать сайт интернет магазин,24122973025,204759032331,0,0,1
создание сайтов харьков,24122973025,204759032331,0,0,3
создание сайтов цена,24122973025,204759032331,0,0,1
создать сайт услуги,24122973025,204759032331,0,0,1
створення інтернет магазину харків,24122973025,204759032331,0,0,6
готовый интернет магазин на wordpress,24122973025,204759032331,0,0,1
как сделать сайт для продажи товаров,24122973025,204759032331,0,0,1
разработка сайтов под ключ,24122973025,204759032331,0,0,1
создать сайт под ключ цена,24122973025,204759032331,1,63.22,2
создать сайт цена,24122973025,204759032331,1,58.55,2
где можно заказать сайт,24122973025,204759032331,0,0,2
замовити веб сайт,24122973025,204759032331,0,0,2
как создать сайт для продажи одежды,24122973025,204759032331,1,49.36,1
нужен сайт под ключ,24122973025,204759032331,0,0,1
разработка сайта для компании,24122973025,204759032331,1,47.58,1
сколько стоит сделать сайт в украине,24122973025,204759032331,1,51.99,2
дизайн сайта магазина одежды,24122973025,204759032331,0,0,4
лендинг под ключ,24122973025,204759032331,0,0,1
разработка сайтов киев,24122973025,204759032331,1,49.37,1
сайт заказать москва,24122973025,204759032331,0,0,1
сайт на хорошоп,24122973025,204759032331,0,0,2
сколько стоит купить сайт,24122973025,204759032331,0,0,1
сколько стоит написать сайт с нуля,24122973025,204759032331,0,0,2
сколько стоит сайты,24122973025,204759032331,0,0,2
сколько стоят сайты,24122973025,204759032331,0,0,1
создание сайта кропивницкий,24122973025,204759032331,0,0,1
создание сайта луцк,24122973025,204759032331,0,0,5
заказать сайт украина,24122973025,204759032331,0,0,1
как заказать сайт,24122973025,204759032331,0,0,1
разработка сайтов луцк,24122973025,204759032331,0,0,3
сделать одностраничный сайт цена,24122973025,204759032331,0,0,1
як запустити рекламу в гугл,24122973025,204759032331,0,0,1
meta google ads,24122973025,204759032331,0,0,1
заказать сайт киев,24122973025,204759032331,0,0,1
заказать сайт одесса,24122973025,204759032331,0,0,3
как сделать сайт интернет магазина самому,24122973025,204759032331,0,0,2
как сделать сайт магазин,24122973025,204759032331,0,0,1
лендинг пейдж стоимость,24122973025,204759032331,0,0,1
разработка сайта одесса,24122973025,204759032331,0,0,2
разработка сайта услуги,24122973025,204759032331,0,0,2
разработка сайтов кропивницкий,24122973025,204759032331,0,0,1
сколько стоит сделать сайт с нуля,24122973025,204759032331,0,0,1
сколько стоит создать сайт,24122973025,204759032331,0,0,2
создание одностраничного сайта цена,24122973025,204759032331,0,0,1
настройка рекламы гугл цена,24122973025,204759032331,0,0,2
сайт лендинг цена,24122973025,204759032331,0,0,1
сайт под ключ цена,24122973025,204759032331,0,0,1
сколько стоит контекстная реклама в гугл,24122973025,204759032331,0,0,1
студия создания сайтов,24122973025,204759032331,0,0,2
услуга создания сайта,24122973025,204759032331,0,0,1
