url,indexable,sitemap,title,h1,word_count_main
https://maxsite.com.ua/mista/stvorennya-sajtiv-cherkasy/,true,true,Створення сайтів у Черкасах для бізнесу | MAX SITE,Створення сайтів у Черкасах для бізнесу,532
https://maxsite.com.ua/mista/stvorennya-sajtiv-chernihiv/,false,false,Створення сайтів у Чернігові для бізнесу | MAX SITE,Створення сайтів у Чернігові для бізнесу,695
https://maxsite.com.ua/mista/stvorennya-sajtiv-chernivtsi/,false,false,Створення сайтів у Чернівцях під ключ | MAX SITE,Створення сайтів у Чернівцях для бізнесу,699
https://maxsite.com.ua/mista/stvorennya-sajtiv-dnipro/,false,false,Створення сайтів у Дніпрі для компаній | MAX SITE,Створення сайтів у Дніпрі для бізнесу,701
https://maxsite.com.ua/mista/stvorennya-sajtiv-ivano-frankivsk/,false,false,Створення сайтів в Івано-Франківську | MAX SITE,Створення сайтів у Івано-Франківську для бізнесу,699
https://maxsite.com.ua/mista/stvorennya-sajtiv-kharkiv/,false,false,Створення сайтів у Харкові для бізнесу | MAX SITE,Створення сайтів у Харкові для бізнесу,682
https://maxsite.com.ua/mista/stvorennya-sajtiv-kherson/,false,false,Створення сайтів у Херсоні під ключ | MAX SITE,Створення сайтів у Херсоні для бізнесу,699
https://maxsite.com.ua/mista/stvorennya-sajtiv-khmelnytskyi/,false,false,Створення сайтів у Хмельницькому | MAX SITE,Створення сайтів у Хмельницькому для бізнесу,690
https://maxsite.com.ua/mista/stvorennya-sajtiv-kropyvnytskyi/,false,false,Створення сайтів у Кропивницькому | MAX SITE,Створення сайтів у Кропивницькому для бізнесу,682
https://maxsite.com.ua/mista/stvorennya-sajtiv-kyiv/,true,true,Створення сайтів у Києві під ключ | MAX SITE,Створення сайтів у Києві,765
https://maxsite.com.ua/mista/stvorennya-sajtiv-lutsk/,false,false,Створення сайтів у Луцьку для бізнесу | MAX SITE,Створення сайтів у Луцьку для бізнесу,671
https://maxsite.com.ua/mista/stvorennya-sajtiv-lviv/,false,false,Створення сайтів у Львові для бізнесу | MAX SITE,Створення сайтів у Львові для бізнесу,684
https://maxsite.com.ua/mista/stvorennya-sajtiv-mykolaiv/,false,false,Створення сайтів у Миколаєві | MAX SITE,Створення сайтів у Миколаєві для бізнесу,680
https://maxsite.com.ua/mista/stvorennya-sajtiv-odesa/,false,false,Створення сайтів в Одесі для бізнесу | MAX SITE,Створення сайтів у Одесі для бізнесу,690
https://maxsite.com.ua/mista/stvorennya-sajtiv-poltava/,false,false,Створення сайтів у Полтаві під ключ | MAX SITE,Створення сайтів у Полтаві для бізнесу,690
https://maxsite.com.ua/mista/stvorennya-sajtiv-rivne/,false,false,Створення сайтів у Рівному для бізнесу | MAX SITE,Створення сайтів у Рівному для бізнесу,681
https://maxsite.com.ua/mista/stvorennya-sajtiv-sumy/,false,false,Створення сайтів у Сумах для компаній | MAX SITE,Створення сайтів у Сумах для бізнесу,676
https://maxsite.com.ua/mista/stvorennya-sajtiv-ternopil/,false,false,Створення сайтів у Тернополі | MAX SITE,Створення сайтів у Тернополі для бізнесу,668
https://maxsite.com.ua/mista/stvorennya-sajtiv-ukrayina/,true,true,Створення сайтів для бізнесу по Україні | MAX SITE,Створення сайтів для бізнесу по Україні,370
https://maxsite.com.ua/mista/stvorennya-sajtiv-uzhhorod/,false,false,Створення сайтів в Ужгороді для бізнесу | MAX SITE,Створення сайтів у Ужгороді для бізнесу,682
https://maxsite.com.ua/mista/stvorennya-sajtiv-vinnytsya/,false,false,Створення сайтів у Вінниці для бізнесу | MAX SITE,Створення сайтів у Вінниці для бізнесу,682
https://maxsite.com.ua/mista/stvorennya-sajtiv-zaporizhzhya/,false,false,Створення сайтів у Запоріжжі | MAX SITE,Створення сайтів у Запоріжжі для бізнесу,679
https://maxsite.com.ua/mista/stvorennya-sajtiv-zhytomyr/,false,false,Створення сайтів у Житомирі для бізнесу | MAX SITE,Створення сайтів у Житомирі для бізнесу,674
